STRAIN	BC_ID	MU_ID	ENV	gen_0	gen_10	gen_20	gen_30	gen_40
DivAnc	23990	886	1_SC3	1	20	21	33	20
DivAnc	73463	74	1_SC3	67	430	212	399	332
DivAnc	268076	213	1_SC3	1	0	0	0	0
DivAnc	4026	48	1_SC3	607	3620	1862	3768	2703
DivAnc	239041	85	1_SC3	952	5914	2885	5722	4718
DivAnc	131111	534	1_SC3	289	1803	893	1819	1315
DivAnc	144336	996	1_SC3	1	8	4	10	0
DivAnc	263633	347	1_SC3	1	0	0	0	0
DivAnc	23446	651	1_SC3	16	102	27	38	49
DivAnc	117673	522	1_SC3	610	3685	1916	3785	2751
DivAnc	23444	742	1_SC3	51	402	208	316	301
DivAnc	82103	195	1_SC3	1	0	0	0	0
DivAnc	5982	775	1_SC3	343	1964	1020	2024	1463
DivAnc	64036	887	1_SC3	1	30	9	52	19
DivAnc	10891	799	1_SC3	626	3315	1638	3461	2692
DivAnc	55299	434	1_SC3	1	14	6	3	0
DivAnc	22262	20	1_SC3	236	1335	650	1291	1073
DivAnc	24714	985	1_SC3	1	16	0	0	0
DivAnc	32837	628	1_SC3	5	44	18	61	57
DivAnc	7518	159	1_SC3	2	8	0	0	0
DivAnc	52269	651	1_SC3	12	81	49	96	50
DivAnc	25069	802	1_SC3	564	3640	1779	3554	2752
DivAnc	130134	48	1_SC3	1	0	0	0	0
DivAnc	74359	729	1_SC3	1	6	2	0	0
DivAnc	127490	856	1_SC3	64	382	155	281	261
DivAnc	60353	981	1_SC3	43	206	134	233	239
DivAnc	130468	366	1_SC3	1	35	15	44	51
DivAnc	6794	892	1_SC3	466	2804	1470	2674	1908
DivAnc	88718	763	1_SC3	229	1160	636	1290	1021
DivAnc	135031	119	1_SC3	69	490	282	568	433
DivAnc	294	149	1_SC3	112	639	247	477	327
DivAnc	17650	954	1_SC3	47	248	155	258	204
DivAnc	63735	390	1_SC3	352	2218	1020	1943	1519
DivAnc	117526	684	1_SC3	8	52	18	4	7
DivAnc	100941	85	1_SC3	1	0	0	0	0
DivAnc	4657	423	1_SC3	914	5404	2851	5507	3913
DivAnc	55835	159	1_SC3	2	5	4	28	13
DivAnc	55833	855	1_SC3	39	165	101	187	130
DivAnc	276	149	1_SC3	28	128	51	120	68
DivAnc	43981	935	1_SC3	1	0	0	0	0
DivAnc	279	109	1_SC3	194	1239	640	1113	1002
DivAnc	22484	453	1_SC3	235	1528	728	1618	1134
DivAnc	140326	252	1_SC3	1	0	0	0	0
DivAnc	43698	333	1_SC3	1	31	7	6	7
DivAnc	158540	132	1_SC3	134	764	458	650	655
DivAnc	12011	718	1_SC3	59	309	185	426	306
DivAnc	312970	456	1_SC3	571	3237	1651	3112	2440
DivAnc	16385	439	1_SC3	63	310	183	273	190
DivAnc	69721	411	1_SC3	1	20	9	21	13
DivAnc	81620	349	1_SC3	24	142	51	159	152
DivAnc	64678	148	1_SC3	11	42	17	16	2
DivAnc	97886	456	1_SC3	2	4	3	2	5
DivAnc	17032	226	1_SC3	351	2143	1124	2147	2084
DivAnc	64299	486	1_SC3	2	8	10	43	47
DivAnc	76127	233	1_SC3	1	0	0	0	0
DivAnc	57477	149	1_SC3	1	13	4	3	0
DivAnc	46793	1014	1_SC3	163	1015	550	1101	953
DivAnc	8094	35	1_SC3	2	11	1	0	0
DivAnc	102	488	1_SC3	89	494	204	416	347
DivAnc	49561	566	1_SC3	366	1862	990	1726	1368
DivAnc	107	212	1_SC3	1	0	0	0	0
DivAnc	4148	159	1_SC3	458	2657	1302	2511	1992
DivAnc	16819	55	1_SC3	113	780	368	847	627
DivAnc	333	512	1_SC3	1	15	9	5	10
DivAnc	251174	809	1_SC3	1	34	30	76	76
DivAnc	2510	884	1_SC3	1	0	0	0	0
DivAnc	185917	423	1_SC3	36	203	90	270	177
DivAnc	85186	1004	1_SC3	224	1204	637	1299	1010
DivAnc	102448	59	1_SC3	2	10	6	5	12
DivAnc	9411	500	1_SC3	49	220	85	137	85
DivAnc	64905	481	1_SC3	9	33	9	31	10
DivAnc	57076	930	1_SC3	246	1425	679	1338	1143
DivAnc	11611	159	1_SC3	324	1826	919	1870	1721
DivAnc	45444	874	1_SC3	193	934	365	680	613
DivAnc	85430	912	1_SC3	1	0	0	0	0
DivAnc	10633	695	1_SC3	8	49	23	114	69
DivAnc	294543	85	1_SC3	1	3	0	0	0
DivAnc	20521	898	1_SC3	308	1696	875	1679	1432
DivAnc	19394	174	1_SC3	1	18	15	18	2
DivAnc	204062	254	1_SC3	1	2	6	19	30
DivAnc	204061	456	1_SC3	66	393	206	302	197
DivAnc	58677	428	1_SC3	1	23	1	0	0
DivAnc	125409	898	1_SC3	1	7	10	35	20
DivAnc	33474	742	1_SC3	340	1972	1058	2055	1434
DivAnc	41343	757	1_SC3	147	1080	527	1103	922
DivAnc	182063	235	1_SC3	1156	7278	3675	7102	5470
DivAnc	9322	311	1_SC3	2	4	0	0	0
DivAnc	24082	97	1_SC3	138	902	400	745	680
DivAnc	17721	80	1_SC3	390	2205	1099	2370	1888
DivAnc	17722	767	1_SC3	2	20	2	12	6
DivAnc	139936	162	1_SC3	1	8	10	31	20
DivAnc	54952	381	1_SC3	984	5875	2919	6245	4530
DivAnc	116124	372	1_SC3	27	98	66	114	108
DivAnc	142027	1007	1_SC3	41	202	124	311	332
DivAnc	54955	159	1_SC3	159	849	440	991	723
DivAnc	8949	718	1_SC3	343	2197	1101	2038	1757
DivAnc	3510	628	1_SC3	746	4315	2233	4623	3553
DivAnc	53288	243	1_SC3	1	0	0	0	0
DivAnc	2689	605	1_SC3	150	965	485	889	748
DivAnc	84058	9	1_SC3	501	3157	1393	2818	2250
DivAnc	6203	389	1_SC3	1	21	19	35	25
DivAnc	36027	717	1_SC3	102	574	248	432	400
DivAnc	102158	353	1_SC3	53	286	150	416	329
DivAnc	122542	618	1_SC3	1	6	0	0	0
DivAnc	26976	958	1_SC3	125	784	329	766	630
DivAnc	203384	767	1_SC3	32	181	127	210	183
DivAnc	9744	704	1_SC3	3	15	0	0	0
DivAnc	294034	564	1_SC3	46	222	109	282	210
DivAnc	71572	423	1_SC3	352	1977	908	1869	1342
DivAnc	20415	47	1_SC3	391	2251	1090	2319	1814
DivAnc	95	710	1_SC3	414	2257	1264	2469	1637
DivAnc	219159	926	1_SC3	6	20	3	20	20
DivAnc	1627	192	1_SC3	136	702	374	705	557
DivAnc	30414	302	1_SC3	3	7	0	0	0
DivAnc	1998	652	1_SC3	1	0	0	0	0
DivAnc	1629	1012	1_SC3	3	14	6	11	7
DivAnc	14681	800	1_SC3	1	0	0	0	0
DivAnc	193917	48	1_SC3	2	0	0	0	0
DivAnc	33679	115	1_SC3	50	244	129	181	129
DivAnc	112558	815	1_SC3	2	5	0	0	0
DivAnc	112227	209	1_SC3	5	18	5	0	0
DivAnc	8832	449	1_SC3	1	0	0	0	0
DivAnc	33853	48	1_SC3	73	506	238	361	322
DivAnc	275344	785	1_SC3	3	12	0	0	0
DivAnc	59927	113	1_SC3	369	2147	973	1984	1418
DivAnc	132348	903	1_SC3	219	1179	538	1210	921
DivAnc	33697	657	1_SC3	1	20	0	0	0
DivAnc	80806	829	1_SC3	1	11	10	0	0
DivAnc	5409	813	1_SC3	16	130	77	142	127
DivAnc	59108	412	1_SC3	400	2533	1263	2556	2179
DivAnc	24235	1012	1_SC3	3	0	0	0	0
DivAnc	29561	423	1_SC3	776	4689	2226	4290	3328
DivAnc	37178	692	1_SC3	743	4365	2270	5006	3967
DivAnc	147277	439	1_SC3	586	3246	1589	3336	2516
DivAnc	115335	829	1_SC3	1	0	0	0	0
DivAnc	37957	213	1_SC3	172	993	555	1055	906
DivAnc	37959	729	1_SC3	267	1585	783	1684	1227
DivAnc	29764	809	1_SC3	491	2797	1477	2751	2268
DivAnc	1175	97	1_SC3	9	58	49	118	64
DivAnc	8167	153	1_SC3	1069	6403	2985	5990	4567
DivAnc	8164	445	1_SC3	1	7	0	0	0
DivAnc	76574	75	1_SC3	16	78	28	28	16
DivAnc	76576	302	1_SC3	30	223	105	215	208
DivAnc	18148	1002	1_SC3	449	2762	1487	2792	1925
DivAnc	44701	625	1_SC3	478	2912	1332	2755	2123
DivAnc	5537	32	1_SC3	285	1885	872	1740	1443
DivAnc	76084	670	1_SC3	190	1078	546	1006	758
DivAnc	18146	254	1_SC3	1	4	10	8	0
DivAnc	225276	596	1_SC3	39	246	57	90	67
DivAnc	110836	190	1_SC3	11	79	37	97	69
DivAnc	11167	247	1_SC3	11	72	22	38	34
DivAnc	83726	383	1_SC3	1	0	0	0	0
DivAnc	94495	780	1_SC3	1	0	0	0	0
DivAnc	682	474	1_SC3	202	1179	657	1265	1059
DivAnc	189219	390	1_SC3	95	539	271	432	456
DivAnc	229429	138	1_SC3	473	2600	1285	2687	2077
DivAnc	8386	536	1_SC3	493	2873	1528	3018	2283
DivAnc	73651	245	1_SC3	22	181	87	120	141
DivAnc	22955	813	1_SC3	28	99	38	81	56
DivAnc	8545	805	1_SC3	131	652	343	753	488
DivAnc	15282	960	1_SC3	358	2123	1100	2238	1800
DivAnc	55110	426	1_SC3	1	12	5	25	14
DivAnc	4389	534	1_SC3	238	1311	717	1579	1236
DivAnc	55115	647	1_SC3	452	2461	1291	2435	1849
DivAnc	87336	149	1_SC3	8	22	2	10	5
DivAnc	95948	278	1_SC3	47	259	132	218	204
DivAnc	6579	401	1_SC3	128	768	375	696	574
DivAnc	4386	432	1_SC3	1	2	0	0	0
DivAnc	87807	271	1_SC3	2	29	16	12	19
DivAnc	406	376	1_SC3	2	34	14	26	16
DivAnc	73721	1014	1_SC3	24	141	86	170	156
DivAnc	34154	597	1_SC3	1	2	0	0	0
DivAnc	18805	1002	1_SC3	3	35	12	32	53
DivAnc	145925	213	1_SC3	64	460	251	593	428
DivAnc	63864	859	1_SC3	2	12	1	0	0
DivAnc	25942	403	1_SC3	385	2121	1129	2281	1953
DivAnc	31547	652	1_SC3	1	9	3	0	0
DivAnc	3830	906	1_SC3	82	410	270	556	325
DivAnc	3833	34	1_SC3	117	833	368	930	641
DivAnc	214400	965	1_SC3	8	69	19	58	35
DivAnc	145748	330	1_SC3	298	1660	793	1630	1085
DivAnc	72413	233	1_SC3	3	9	0	0	0
DivAnc	4036	8	1_SC3	400	2255	1132	2352	1859
DivAnc	78847	85	1_SC3	75	460	227	516	525
DivAnc	307680	173	1_SC3	1	15	11	22	21
DivAnc	198789	177	1_SC3	1	0	0	0	0
DivAnc	28989	247	1_SC3	59	324	148	335	320
DivAnc	51278	439	1_SC3	218	1131	508	1185	865
DivAnc	77281	308	1_SC3	4	31	10	25	7
DivAnc	379	111	1_SC3	194	1080	458	1125	831
DivAnc	91841	639	1_SC3	510	3231	1661	3298	2560
DivAnc	55025	981	1_SC3	403	2748	1288	2710	2405
DivAnc	6532	964	1_SC3	1	0	0	0	0
DivAnc	19412	597	1_SC3	1	8	9	6	0
DivAnc	181571	50	1_SC3	159	896	490	1103	821
DivAnc	182591	9	1_SC3	265	1374	727	1509	1214
DivAnc	75530	366	1_SC3	1	8	13	8	0
DivAnc	26443	647	1_SC3	1	0	0	0	0
DivAnc	304554	819	1_SC3	124	649	341	598	458
DivAnc	70988	99	1_SC3	1	7	0	0	0
DivAnc	35440	423	1_SC3	2644	15267	7639	16696	12237
DivAnc	130898	280	1_SC3	2	18	7	32	43
DivAnc	88639	896	1_SC3	667	3720	1887	3845	2965
DivAnc	23877	886	1_SC3	1	4	0	0	0
DivAnc	6784	623	1_SC3	1	0	0	0	0
DivAnc	274835	20	1_SC3	1	13	14	22	4
DivAnc	10979	764	1_SC3	78	507	254	450	330
DivAnc	4723	807	1_SC3	14	56	35	81	59
DivAnc	31903	421	1_SC3	1	0	0	0	0
DivAnc	5844	353	1_SC3	97	497	258	547	464
DivAnc	222798	648	1_SC3	2	10	0	0	0
DivAnc	177103	622	1_SC3	1	34	14	31	55
DivAnc	165832	729	1_SC3	2	11	0	0	0
DivAnc	57261	969	1_SC3	410	2349	1198	2245	1842
DivAnc	41828	763	1_SC3	1	4	0	0	0
DivAnc	117240	353	1_SC3	1	10	6	0	0
DivAnc	32006	780	1_SC3	3	20	2	0	0
DivAnc	182286	476	1_SC3	531	3118	1452	3099	2445
DivAnc	56407	625	1_SC3	197	1333	672	1356	1151
DivAnc	11757	573	1_SC3	408	2152	1176	2296	1762
DivAnc	2270	918	1_SC3	1	2	0	0	0
DivAnc	64597	582	1_SC3	68	396	242	436	396
DivAnc	37683	597	1_SC3	1	0	0	0	0
DivAnc	12000	1012	1_SC3	410	2349	1118	1955	1569
DivAnc	69748	41	1_SC3	809	4625	2257	4345	3492
DivAnc	166582	316	1_SC3	1	35	38	45	15
DivAnc	205632	692	1_SC3	76	445	173	389	322
DivAnc	178753	423	1_SC3	1	8	0	25	19
DivAnc	9241	111	1_SC3	98	659	326	505	397
DivAnc	122602	954	1_SC3	3	12	8	0	0
DivAnc	38423	475	1_SC3	241	1268	673	1223	956
DivAnc	149136	599	1_SC3	5	34	34	84	56
DivAnc	150610	235	1_SC3	1	0	0	0	0
DivAnc	3597	473	1_SC3	1	0	0	0	0
DivAnc	154071	453	1_SC3	6	35	11	20	42
DivAnc	17999	265	1_SC3	2	7	3	6	0
DivAnc	80107	442	1_SC3	88	608	330	669	502
DivAnc	4829	547	1_SC3	1	19	8	20	14
DivAnc	185671	309	1_SC3	3	35	32	63	46
DivAnc	29154	727	1_SC3	34	190	80	188	138
DivAnc	4532	1012	1_SC3	586	3638	1743	3246	2294
DivAnc	21930	34	1_SC3	288	1601	817	1813	1474
DivAnc	11625	151	1_SC3	1	5	0	0	0
DivAnc	140426	772	1_SC3	2	4	0	0	0
DivAnc	294550	639	1_SC3	1	0	0	0	0
DivAnc	270722	618	1_SC3	4	11	0	0	0
DivAnc	140422	412	1_SC3	338	2104	1119	2398	1888
DivAnc	10152	639	1_SC3	2	0	0	0	0
DivAnc	57317	217	1_SC3	697	4180	2219	4645	3628
DivAnc	48559	426	1_SC3	324	1748	901	1627	1210
DivAnc	317739	585	1_SC3	2	45	12	14	15
DivAnc	10158	395	1_SC3	237	1408	834	1663	1152
DivAnc	54564	456	1_SC3	1	0	0	0	0
DivAnc	124436	520	1_SC3	90	595	318	615	417
DivAnc	37372	569	1_SC3	215	1164	522	998	781
DivAnc	22805	886	1_SC3	446	2361	1085	2216	1683
DivAnc	10395	623	1_SC3	291	1614	886	1653	1096
DivAnc	81962	700	1_SC3	425	2505	1432	2824	2260
DivAnc	49312	885	1_SC3	1	4	3	6	0
DivAnc	46870	1012	1_SC3	42	174	77	209	161
DivAnc	9620	205	1_SC3	81	528	209	360	250
DivAnc	37786	209	1_SC3	10	27	17	38	34
DivAnc	49315	149	1_SC3	51	273	131	300	240
DivAnc	45783	715	1_SC3	193	1153	527	957	706
DivAnc	16251	173	1_SC3	1	23	14	66	40
DivAnc	99	810	1_SC3	1	5	3	0	0
DivAnc	63874	768	1_SC3	2	32	12	21	13
DivAnc	320516	517	1_SC3	113	689	386	789	619
DivAnc	1603	85	1_SC3	1	0	0	0	0
DivAnc	2691	202	1_SC3	190	1002	605	1063	828
DivAnc	25449	1002	1_SC3	1	21	1	0	0
DivAnc	15708	807	1_SC3	4	15	19	27	7
DivAnc	15709	279	1_SC3	23	150	75	101	64
DivAnc	54980	935	1_SC3	75	396	173	357	359
DivAnc	137077	34	1_SC3	388	2187	1089	2312	1880
DivAnc	179621	412	1_SC3	1	7	9	6	6
DivAnc	53509	993	1_SC3	267	1705	851	1818	1252
DivAnc	216496	461	1_SC3	2	0	0	0	0
DivAnc	265815	800	1_SC3	1	0	0	0	0
DivAnc	319376	431	1_SC3	1	5	0	0	0
DivAnc	302744	258	1_SC3	5	23	2	33	19
DivAnc	3231	423	1_SC3	1833	11476	5720	11549	9048
DivAnc	131829	845	1_SC3	566	3548	1671	3592	2505
DivAnc	1618	639	1_SC3	419	2524	1181	2771	2376
DivAnc	1965	846	1_SC3	5	2	0	0	0
DivAnc	268602	414	1_SC3	1	0	0	0	0
DivAnc	7329	48	1_SC3	574	3370	1736	3567	2542
DivAnc	168852	625	1_SC3	1	8	0	0	0
DivAnc	210433	423	1_SC3	352	2136	1152	2283	2064
DivAnc	8840	195	1_SC3	405	2390	1254	2674	1930
DivAnc	147993	423	1_SC3	1	0	0	0	0
DivAnc	41596	369	1_SC3	83	400	177	293	276
DivAnc	41772	393	1_SC3	76	449	246	476	308
DivAnc	12957	864	1_SC3	541	3125	1554	2914	2033
DivAnc	68904	1009	1_SC3	2	13	6	2	0
DivAnc	70906	431	1_SC3	1	2	7	4	0
DivAnc	20261	157	1_SC3	18	72	46	174	152
DivAnc	168691	205	1_SC3	74	438	225	437	400
DivAnc	302243	800	1_SC3	371	1875	975	1895	1620
DivAnc	3358	912	1_SC3	167	924	407	851	717
DivAnc	58683	88	1_SC3	167	949	470	1021	850
DivAnc	7061	975	1_SC3	8	44	9	38	0
DivAnc	29778	766	1_SC3	474	2631	1362	3029	2111
DivAnc	169616	732	1_SC3	234	1349	677	1322	1026
DivAnc	29596	326	1_SC3	78	469	256	618	395
DivAnc	1143	71	1_SC3	363	1979	938	2045	1556
DivAnc	233931	118	1_SC3	1	0	0	0	0
DivAnc	12487	519	1_SC3	1	0	0	0	0
DivAnc	12485	423	1_SC3	1393	7901	4272	8454	6575
DivAnc	231479	745	1_SC3	100	701	324	822	631
DivAnc	253044	969	1_SC3	2	14	6	44	39
DivAnc	37295	729	1_SC3	342	2062	969	1904	1620
DivAnc	119329	638	1_SC3	63	265	121	292	162
DivAnc	12925	555	1_SC3	149	904	478	948	677
DivAnc	5503	381	1_SC3	120	722	336	923	783
DivAnc	27607	924	1_SC3	20	179	86	131	127
DivAnc	1547	254	1_SC3	2	19	0	0	0
DivAnc	1545	97	1_SC3	2	12	10	5	2
DivAnc	24392	597	1_SC3	2	40	14	23	17
DivAnc	39586	809	1_SC3	199	916	367	862	603
DivAnc	34098	639	1_SC3	304	1864	939	1773	1445
DivAnc	187640	423	1_SC3	422	2437	1352	2785	2218
DivAnc	38294	445	1_SC3	299	1858	892	1852	1507
DivAnc	78127	374	1_SC3	4	36	38	88	44
DivAnc	233341	773	1_SC3	333	2030	1018	1879	1408
DivAnc	66370	1000	1_SC3	1	0	0	0	0
DivAnc	313378	792	1_SC3	1	0	0	0	0
DivAnc	31753	506	1_SC3	194	1090	497	913	651
DivAnc	96652	195	1_SC3	47	217	134	239	124
DivAnc	145596	544	1_SC3	6	33	2	20	16
DivAnc	188605	177	1_SC3	4	35	12	15	19
DivAnc	77562	461	1_SC3	303	1639	869	1482	1169
DivAnc	64178	780	1_SC3	1	0	0	0	0
DivAnc	66402	434	1_SC3	1	0	0	0	0
DivAnc	48944	292	1_SC3	98	596	303	693	596
DivAnc	48942	201	1_SC3	1	0	0	0	0
DivAnc	9987	226	1_SC3	63	370	184	320	233
DivAnc	230679	484	1_SC3	317	1833	947	1813	1585
DivAnc	61758	177	1_SC3	905	5445	2879	5837	4120
DivAnc	44802	622	1_SC3	3	39	36	91	29
DivAnc	119034	587	1_SC3	1	5	0	0	0
DivAnc	192306	717	1_SC3	623	3789	1852	3670	2524
DivAnc	414	169	1_SC3	1	10	1	0	0
DivAnc	126670	896	1_SC3	40	283	121	212	98
DivAnc	151390	974	1_SC3	1	0	0	0	0
DivAnc	411	296	1_SC3	497	2964	1600	2934	2177
DivAnc	73713	695	1_SC3	11	59	54	93	62
DivAnc	5715	180	1_SC3	196	1127	595	1351	837
DivAnc	94401	802	1_SC3	2	5	0	6	27
DivAnc	3827	71	1_SC3	1	6	1	8	0
DivAnc	114055	956	1_SC3	474	2781	1247	2661	2130
DivAnc	114054	440	1_SC3	1	0	0	0	0
DivAnc	154709	853	1_SC3	1	4	0	0	0
DivAnc	311033	423	1_SC3	3	25	3	16	13
DivAnc	82425	757	1_SC3	3	28	15	33	9
DivAnc	10334	983	1_SC3	2	6	0	0	0
DivAnc	188286	573	1_SC3	75	382	213	455	442
DivAnc	66883	87	1_SC3	2	15	18	31	8
DivAnc	93239	165	1_SC3	1	0	0	0	0
DivAnc	35325	381	1_SC3	227	1588	666	1574	1380
DivAnc	10702	993	1_SC3	1	0	0	0	0
DivAnc	32813	866	1_SC3	356	2003	1006	2008	1269
DivAnc	35329	66	1_SC3	3	0	0	0	0
DivAnc	7537	732	1_SC3	266	1257	613	1249	846
DivAnc	61359	353	1_SC3	1	0	0	0	0
DivAnc	7533	439	1_SC3	177	970	496	969	865
DivAnc	224131	612	1_SC3	1	0	0	0	0
DivAnc	55257	968	1_SC3	1	9	2	26	29
DivAnc	19350	261	1_SC3	1	18	13	20	16
DivAnc	140112	211	1_SC3	202	1208	570	1282	932
DivAnc	65211	177	1_SC3	410	2498	1092	2354	1855
DivAnc	60338	89	1_SC3	3	34	8	21	23
DivAnc	16653	996	1_SC3	398	2034	960	1858	1507
DivAnc	387	266	1_SC3	792	4620	2205	4689	3639
DivAnc	388	26	1_SC3	166	1039	449	913	814
DivAnc	74037	456	1_SC3	1	8	5	3	0
DivAnc	110377	2	1_SC3	140	896	448	822	535
DivAnc	5271	576	1_SC3	1	27	3	0	0
DivAnc	64854	809	1_SC3	1	0	0	0	0
DivAnc	98185	517	1_SC3	3	17	5	10	12
DivAnc	195653	807	1_SC3	1	16	6	31	37
DivAnc	10986	106	1_SC3	2	17	0	0	0
DivAnc	13664	913	1_SC3	1	3	0	0	0
DivAnc	10983	772	1_SC3	185	1018	473	838	600
DivAnc	224358	506	1_SC3	178	1074	580	1057	831
DivAnc	73444	412	1_SC3	67	423	237	468	223
DivAnc	82737	619	1_SC3	2	20	19	52	24
DivAnc	9969	119	1_SC3	449	2628	1294	2311	1773
DivAnc	56857	757	1_SC3	155	942	436	910	529
DivAnc	24957	690	1_SC3	1	12	7	7	0
DivAnc	150028	938	1_SC3	1	18	19	45	59
DivAnc	3756	227	1_SC3	631	3312	1658	3022	2280
DivAnc	2191	924	1_SC3	50	335	203	411	325
DivAnc	195539	767	1_SC3	1	0	0	0	0
DivAnc	16728	998	1_SC3	2	24	4	13	11
DivAnc	74450	34	1_SC3	773	4542	2419	4767	3565
DivAnc	13524	534	1_SC3	1	5	9	14	12
DivAnc	224919	431	1_SC3	149	928	490	864	678
DivAnc	51825	742	1_SC3	224	1194	569	1314	908
DivAnc	16726	252	1_SC3	1	9	10	18	7
DivAnc	25424	902	1_SC3	11	40	9	13	2
DivAnc	16236	268	1_SC3	7	35	6	12	0
DivAnc	12039	623	1_SC3	1	0	0	0	0
DivAnc	2203	846	1_SC3	2	28	40	54	15
DivAnc	2204	947	1_SC3	1	15	9	68	88
DivAnc	98597	231	1_SC3	361	2003	1090	2248	1807
DivAnc	270607	85	1_SC3	235	1331	607	1125	814
DivAnc	12037	536	1_SC3	199	1214	598	1103	765
DivAnc	11587	254	1_SC3	1	5	5	18	19
DivAnc	8102	883	1_SC3	1	10	0	0	0
DivAnc	16836	512	1_SC3	1	9	0	0	0
DivAnc	143988	423	1_SC3	637	3615	1863	3596	2713
DivAnc	36312	83	1_SC3	1	0	0	0	0
DivAnc	102958	1003	1_SC3	114	552	240	538	384
DivAnc	17524	513	1_SC3	88	597	310	553	355
DivAnc	160	781	1_SC3	106	719	366	845	575
DivAnc	17292	66	1_SC3	246	1371	678	1335	949
DivAnc	80170	690	1_SC3	54	317	202	408	302
DivAnc	117348	48	1_SC3	265	1413	710	1209	988
DivAnc	45463	9	1_SC3	3	0	0	0	0
DivAnc	4834	627	1_SC3	4	41	13	48	24
DivAnc	6358	780	1_SC3	40	191	70	174	125
DivAnc	7993	86	1_SC3	2	2	2	19	8
DivAnc	116694	896	1_SC3	24	204	81	137	84
DivAnc	104132	254	1_SC3	1	19	4	10	14
DivAnc	11634	112	1_SC3	313	1789	811	1743	1180
DivAnc	42495	31	1_SC3	378	2161	966	1698	1506
DivAnc	140450	70	1_SC3	146	872	380	814	609
DivAnc	125888	423	1_SC3	3	12	5	8	12
DivAnc	98280	985	1_SC3	237	1536	712	1406	1057
DivAnc	22299	625	1_SC3	2	11	5	0	0
DivAnc	9341	813	1_SC3	3	28	9	6	3
DivAnc	5298	968	1_SC3	274	1508	876	1711	1216
DivAnc	46840	61	1_SC3	2	8	0	0	0
DivAnc	5296	577	1_SC3	2	37	10	11	17
DivAnc	10165	1005	1_SC3	410	2569	1270	2811	2140
DivAnc	45866	326	1_SC3	2	18	7	30	10
DivAnc	9619	1001	1_SC3	1	0	0	0	0
DivAnc	60664	401	1_SC3	7	41	28	63	34
DivAnc	22816	846	1_SC3	363	2129	1063	2408	1978
DivAnc	179796	202	1_SC3	1	0	0	0	0
DivAnc	5057	381	1_SC3	18	98	42	87	54
DivAnc	5050	949	1_SC3	6	13	0	0	0
DivAnc	1815	962	1_SC3	337	1869	962	2073	1452
DivAnc	16906	959	1_SC3	462	2694	1397	2738	2250
DivAnc	89256	213	1_SC3	1	3	0	0	0
DivAnc	163828	258	1_SC3	1	17	6	15	26
DivAnc	195318	757	1_SC3	2	35	10	24	22
DivAnc	102397	605	1_SC3	35	196	109	148	116
DivAnc	106390	456	1_SC3	1	7	1	0	0
DivAnc	53975	986	1_SC3	4	18	0	0	0
DivAnc	42926	906	1_SC3	1	0	0	0	0
DivAnc	36821	646	1_SC3	477	2810	1366	2658	2054
DivAnc	97463	246	1_SC3	253	1626	904	1838	1305
DivAnc	63866	423	1_SC3	919	5417	2779	5339	4208
DivAnc	675	695	1_SC3	3	24	0	0	0
DivAnc	134569	34	1_SC3	2	30	1	14	11
DivAnc	12219	834	1_SC3	577	3396	1750	3688	2925
DivAnc	236233	423	1_SC3	646	3729	1900	3740	2823
DivAnc	48430	1002	1_SC3	1	12	4	0	0
DivAnc	161453	473	1_SC3	2	0	0	0	0
DivAnc	15847	625	1_SC3	2	0	0	0	0
DivAnc	48439	391	1_SC3	3	33	24	82	74
DivAnc	49431	353	1_SC3	67	416	186	537	387
DivAnc	137997	684	1_SC3	1	0	0	0	0
DivAnc	37373	866	1_SC3	464	2420	1501	2925	2418
DivAnc	24170	962	1_SC3	311	1760	866	1843	1530
DivAnc	43709	979	1_SC3	346	1969	834	1876	1437
DivAnc	9295	24	1_SC3	2	14	16	27	24
DivAnc	143723	647	1_SC3	1	7	0	0	0
DivAnc	247335	527	1_SC3	1	0	0	0	0
DivAnc	175245	1001	1_SC3	469	3103	1442	3181	2510
DivAnc	108933	248	1_SC3	146	841	421	842	552
DivAnc	161630	898	1_SC3	1	0	0	0	0
DivAnc	800	639	1_SC3	30	148	96	173	88
DivAnc	36170	836	1_SC3	4	5	0	0	0
DivAnc	11969	710	1_SC3	1	0	0	0	0
DivAnc	83455	441	1_SC3	1	6	10	9	23
DivAnc	18099	70	1_SC3	240	1395	826	1527	951
DivAnc	30183	190	1_SC3	31	224	58	200	167
DivAnc	39695	364	1_SC3	2	4	4	0	0
DivAnc	2847	533	1_SC3	550	2877	1401	2725	1847
DivAnc	69449	456	1_SC3	149	961	484	961	617
DivAnc	3321	245	1_SC3	1	27	16	32	35
DivAnc	72893	775	1_SC3	276	1837	823	1572	1191
DivAnc	37198	964	1_SC3	356	2120	1175	2134	1703
DivAnc	268057	539	1_SC3	256	1662	792	1553	1278
DivAnc	38753	817	1_SC3	5	26	24	52	53
DivAnc	138312	894	1_SC3	1	7	0	0	0
DivAnc	37978	84	1_SC3	9	33	15	9	6
DivAnc	45848	930	1_SC3	2	0	6	44	55
DivAnc	41148	856	1_SC3	2	0	0	0	0
DivAnc	8148	129	1_SC3	258	1396	635	1261	868
DivAnc	30766	802	1_SC3	1	7	0	0	0
DivAnc	87085	892	1_SC3	2	30	2	0	0
DivAnc	137684	426	1_SC3	1	0	0	0	0
DivAnc	59012	954	1_SC3	1	15	12	53	87
DivAnc	40785	453	1_SC3	60	274	189	360	267
DivAnc	58548	362	1_SC3	1210	6720	3317	6885	5088
DivAnc	312352	171	1_SC3	486	2648	1326	2732	2160
DivAnc	77915	894	1_SC3	4	19	6	0	0
DivAnc	180975	926	1_SC3	2	13	0	0	0
DivAnc	28341	226	1_SC3	35	250	91	193	100
DivAnc	50270	819	1_SC3	718	4094	2140	4534	3328
DivAnc	51	993	1_SC3	2	5	0	0	0
DivAnc	436	536	1_SC3	808	4582	2386	4801	3574
DivAnc	53	340	1_SC3	348	1946	933	1900	1535
DivAnc	30341	248	1_SC3	200	1134	584	1175	1158
DivAnc	15592	746	1_SC3	2	1	14	8	0
DivAnc	15595	617	1_SC3	3	5	10	7	20
DivAnc	111035	864	1_SC3	311	1733	899	1846	1371
DivAnc	31210	339	1_SC3	276	1387	675	1568	1168
DivAnc	91190	40	1_SC3	344	1913	934	1856	1360
DivAnc	47522	423	1_SC3	770	4822	2595	4942	3980
DivAnc	88546	479	1_SC3	3	32	3	15	12
DivAnc	132784	979	1_SC3	37	218	90	213	131
DivAnc	31561	894	1_SC3	1	0	0	0	0
DivAnc	234356	343	1_SC3	1	0	0	0	0
DivAnc	17853	19	1_SC3	1	0	0	0	0
DivAnc	48391	71	1_SC3	84	575	346	627	380
DivAnc	5600	906	1_SC3	100	614	303	503	434
DivAnc	48938	804	1_SC3	2	11	12	51	34
DivAnc	14517	574	1_SC3	1	0	0	0	0
DivAnc	91225	202	1_SC3	137	668	371	700	670
DivAnc	1902	421	1_SC3	2	7	0	0	0
DivAnc	217198	423	1_SC3	1	6	0	0	0
DivAnc	72657	899	1_SC3	1	11	2	0	0
DivAnc	421	509	1_SC3	3	4	3	0	0
DivAnc	420	845	1_SC3	1	4	0	0	0
DivAnc	1395	52	1_SC3	35	169	97	131	98
DivAnc	1392	109	1_SC3	1	22	8	11	12
DivAnc	151360	767	1_SC3	114	731	350	598	494
DivAnc	32489	705	1_SC3	178	1032	535	1045	768
DivAnc	74734	718	1_SC3	398	2319	1193	2151	1468
DivAnc	120826	147	1_SC3	1	1	8	6	0
DivAnc	23257	627	1_SC3	98	551	337	659	627
DivAnc	52838	898	1_SC3	2	11	3	3	0
DivAnc	22384	764	1_SC3	204	1173	578	1282	1040
DivAnc	60928	313	1_SC3	5	28	14	21	8
DivAnc	6426	802	1_SC3	657	3898	1828	3578	2491
DivAnc	4298	951	1_SC3	1	0	0	0	0
DivAnc	100150	746	1_SC3	2	4	0	0	0
DivAnc	93207	110	1_SC3	1	0	0	0	0
DivAnc	48844	313	1_SC3	2	30	6	0	0
DivAnc	6428	4	1_SC3	130	829	332	604	486
DivAnc	30968	935	1_SC3	596	3530	1898	3359	2846
DivAnc	74934	894	1_SC3	1	7	2	0	0
DivAnc	244275	670	1_SC3	1	0	0	0	0
DivAnc	18854	859	1_SC3	5	60	18	83	31
DivAnc	313969	347	1_SC3	114	683	411	770	461
DivAnc	197883	652	1_SC3	1	20	20	22	17
DivAnc	233990	605	1_SC3	33	175	109	173	110
DivAnc	51901	969	1_SC3	1	6	0	0	0
DivAnc	119564	674	1_SC3	261	1607	772	1611	1119
DivAnc	6163	710	1_SC3	1	6	0	13	32
DivAnc	259674	423	1_SC3	5	58	25	58	53
DivAnc	98611	1002	1_SC3	246	1252	552	1218	857
DivAnc	250429	99	1_SC3	1	0	0	0	0
DivAnc	60813	112	1_SC3	674	3904	1997	4388	3209
DivAnc	10996	949	1_SC3	68	334	179	403	266
DivAnc	69508	846	1_SC3	34	196	74	207	133
DivAnc	60370	366	1_SC3	1	7	0	0	0
DivAnc	5869	715	1_SC3	262	1631	771	1719	1241
DivAnc	151211	652	1_SC3	53	326	138	281	178
DivAnc	104257	214	1_SC3	51	340	130	325	216
DivAnc	215773	648	1_SC3	539	3170	1556	3135	2253
DivAnc	41237	153	1_SC3	1	2	0	14	7
DivAnc	17609	1007	1_SC3	43	278	144	203	169
DivAnc	46473	547	1_SC3	425	2270	1061	2240	1787
DivAnc	17353	50	1_SC3	342	1997	1025	2186	1735
DivAnc	74445	979	1_SC3	229	1264	695	1183	892
DivAnc	229	266	1_SC3	1	14	13	10	20
DivAnc	227	133	1_SC3	71	449	233	400	311
DivAnc	101103	494	1_SC3	45	261	115	211	125
DivAnc	16226	237	1_SC3	81	482	202	403	331
DivAnc	2213	705	1_SC3	1	22	5	2	0
DivAnc	2211	826	1_SC3	560	3434	1680	3406	2334
DivAnc	42009	530	1_SC3	1	11	7	0	0
DivAnc	5604	129	1_SC3	1	0	0	0	0
DivAnc	293454	265	1_SC3	1	11	12	18	18
DivAnc	12423	819	1_SC3	3	12	9	4	18
DivAnc	12424	618	1_SC3	4	5	1	0	0
DivAnc	154115	710	1_SC3	183	1113	579	1190	914
DivAnc	6697	223	1_SC3	1	0	0	0	0
DivAnc	23909	976	1_SC3	1	19	1	7	8
DivAnc	43024	375	1_SC3	2	8	21	31	11
DivAnc	151	710	1_SC3	847	4586	2345	4676	3472
DivAnc	227068	12	1_SC3	249	1550	844	1799	1339
DivAnc	20718	642	1_SC3	264	1813	855	1735	1416
DivAnc	52165	209	1_SC3	294	1909	911	2068	1430
DivAnc	32110	549	1_SC3	1	0	0	0	0
DivAnc	17511	962	1_SC3	260	1410	730	1515	1154
DivAnc	17510	750	1_SC3	2	18	16	11	0
DivAnc	17516	289	1_SC3	1	2	0	0	0
DivAnc	105298	772	1_SC3	1	22	22	18	8
DivAnc	204675	524	1_SC3	9	40	14	10	7
DivAnc	41516	95	1_SC3	2	20	4	9	13
DivAnc	152857	802	1_SC3	1	12	10	0	0
DivAnc	85449	947	1_SC3	1	0	0	0	0
DivAnc	119492	802	1_SC3	1	15	9	60	37
DivAnc	323402	85	1_SC3	1	0	0	0	0
DivAnc	49150	864	1_SC3	149	840	400	977	818
DivAnc	46671	890	1_SC3	284	1811	896	1788	1194
DivAnc	26051	596	1_SC3	7	67	21	124	49
DivAnc	2503	353	1_SC3	63	396	194	504	338
DivAnc	15715	440	1_SC3	19	65	36	69	68
DivAnc	11647	790	1_SC3	1	0	0	0	0
DivAnc	9353	343	1_SC3	1	0	0	0	0
DivAnc	101866	279	1_SC3	1	5	3	10	18
DivAnc	46853	986	1_SC3	1	6	0	0	0
DivAnc	99521	555	1_SC3	3	17	20	33	33
DivAnc	90293	60	1_SC3	171	1053	506	1188	985
DivAnc	15028	343	1_SC3	2	14	4	22	16
DivAnc	58827	333	1_SC3	3	10	1	12	9
DivAnc	141488	983	1_SC3	1	10	0	0	0
DivAnc	52565	983	1_SC3	1	5	7	14	0
DivAnc	17174	526	1_SC3	266	1511	784	1775	1551
DivAnc	60673	648	1_SC3	374	2197	999	2038	1441
DivAnc	75084	227	1_SC3	74	425	296	498	407
DivAnc	27944	211	1_SC3	4	0	0	0	0
DivAnc	274280	423	1_SC3	226	1302	635	1305	958
DivAnc	50691	218	1_SC3	1	0	0	0	0
DivAnc	16916	1002	1_SC3	339	1967	1063	2296	1842
DivAnc	204458	233	1_SC3	255	1463	653	1223	977
DivAnc	1809	710	1_SC3	1	0	0	0	0
DivAnc	253342	899	1_SC3	378	2058	1016	2175	1640
DivAnc	57423	119	1_SC3	116	617	273	592	389
DivAnc	2290	205	1_SC3	1	0	0	0	0
DivAnc	82206	652	1_SC3	1	14	0	0	0
DivAnc	36813	865	1_SC3	5	30	29	68	48
DivAnc	36760	311	1_SC3	457	2939	1601	3140	2220
DivAnc	125273	596	1_SC3	281	1495	757	1574	1203
DivAnc	14852	423	1_SC3	511	3158	1601	3169	2465
DivAnc	197792	407	1_SC3	5	12	0	0	0
DivAnc	70365	153	1_SC3	2	11	20	13	0
DivAnc	18886	1014	1_SC3	81	485	305	619	404
DivAnc	26947	766	1_SC3	160	761	363	816	584
DivAnc	63253	712	1_SC3	461	2438	1404	3222	2503
DivAnc	44854	596	1_SC3	145	755	348	774	618
DivAnc	14075	634	1_SC3	1	2	3	0	0
DivAnc	38613	426	1_SC3	1	0	0	0	0
DivAnc	193897	729	1_SC3	2	9	3	16	10
DivAnc	9773	227	1_SC3	3	9	10	15	0
DivAnc	10515	687	1_SC3	33	201	88	239	167
DivAnc	50809	539	1_SC3	1	0	0	0	0
DivAnc	39713	970	1_SC3	153	901	461	821	782
DivAnc	18422	893	1_SC3	44	244	127	250	238
DivAnc	199572	423	1_SC3	1	8	0	0	0
DivAnc	90727	48	1_SC3	309	1749	798	1458	1093
DivAnc	70745	441	1_SC3	3	19	12	0	0
DivAnc	11917	149	1_SC3	1	29	4	8	0
DivAnc	810	237	1_SC3	6	40	21	39	35
DivAnc	814	960	1_SC3	1	0	0	0	0
DivAnc	2858	323	1_SC3	1	0	0	0	0
DivAnc	168303	750	1_SC3	1	5	9	23	31
DivAnc	112077	935	1_SC3	5	17	20	54	36
DivAnc	18777	70	1_SC3	1	0	0	0	0
DivAnc	5461	461	1_SC3	2	20	11	10	8
DivAnc	37434	524	1_SC3	1	0	0	0	0
DivAnc	106717	175	1_SC3	1	0	0	0	0
DivAnc	251856	132	1_SC3	598	3805	1888	3964	3094
DivAnc	121620	534	1_SC3	466	2484	1284	2720	1992
DivAnc	5266	981	1_SC3	5	78	47	56	35
DivAnc	5265	423	1_SC3	700	4146	2202	4036	3401
DivAnc	68630	988	1_SC3	2	0	0	0	0
DivAnc	36265	60	1_SC3	201	1145	509	958	662
DivAnc	48598	215	1_SC3	204	1212	524	1167	811
DivAnc	79036	106	1_SC3	19	172	116	204	178
DivAnc	168237	505	1_SC3	101	540	276	519	431
DivAnc	163055	418	1_SC3	2	0	0	0	0
DivAnc	18393	494	1_SC3	1	0	0	0	0
DivAnc	18170	618	1_SC3	390	2218	1151	2308	1604
DivAnc	72084	729	1_SC3	1	0	0	0	0
DivAnc	8603	333	1_SC3	1	7	0	0	0
DivAnc	14456	226	1_SC3	291	1623	790	1491	1314
DivAnc	79290	605	1_SC3	94	537	271	607	470
DivAnc	33950	733	1_SC3	1	16	11	11	13
DivAnc	18371	423	1_SC3	466	2854	1312	2946	2214
DivAnc	30287	423	1_SC3	648	3585	1769	3606	2674
DivAnc	103169	781	1_SC3	1	10	0	0	0
DivAnc	3029	704	1_SC3	579	3439	1814	3925	2794
DivAnc	3028	233	1_SC3	486	2687	1362	2743	2098
DivAnc	77909	119	1_SC3	1	0	0	0	0
DivAnc	14699	792	1_SC3	1	0	0	0	0
DivAnc	2985	835	1_SC3	1	0	0	0	0
DivAnc	55094	687	1_SC3	1	3	6	7	6
DivAnc	179648	7	1_SC3	161	873	401	869	770
DivAnc	157827	177	1_SC3	403	2419	1135	2471	1870
DivAnc	108871	913	1_SC3	2	25	10	30	14
DivAnc	40331	4	1_SC3	174	1034	579	962	755
DivAnc	179464	1002	1_SC3	2	19	14	24	27
DivAnc	1015	727	1_SC3	3	58	22	59	3
DivAnc	1010	461	1_SC3	4	6	2	0	0
DivAnc	8730	775	1_SC3	1	7	0	0	0
DivAnc	249201	423	1_SC3	1	7	6	14	16
DivAnc	1237	988	1_SC3	1	8	0	0	0
DivAnc	76237	819	1_SC3	1	4	0	0	0
DivAnc	136543	60	1_SC3	4	10	5	32	22
DivAnc	13868	423	1_SC3	1788	10885	5616	11341	8563
DivAnc	31001	680	1_SC3	195	1043	423	983	666
DivAnc	111376	938	1_SC3	1	0	0	0	0
DivAnc	195818	431	1_SC3	54	368	240	476	357
DivAnc	5674	310	1_SC3	196	885	481	946	779
DivAnc	229036	693	1_SC3	1	0	0	0	0
DivAnc	67791	203	1_SC3	508	3268	1589	3133	2408
DivAnc	74147	231	1_SC3	1	8	0	0	0
DivAnc	35902	423	1_SC3	333	1687	866	1667	1182
DivAnc	14525	757	1_SC3	297	1918	914	1801	1347
DivAnc	180705	343	1_SC3	40	272	108	278	302
DivAnc	6502	72	1_SC3	173	967	494	1004	799
DivAnc	11008	1001	1_SC3	1	6	0	0	0
DivAnc	6504	165	1_SC3	283	1504	672	1434	1177
DivAnc	171044	423	1_SC3	6	80	39	85	62
DivAnc	34189	381	1_SC3	114	645	384	787	531
DivAnc	59623	869	1_SC3	1	7	0	0	0
DivAnc	23061	622	1_SC3	240	1410	666	1296	970
DivAnc	42378	549	1_SC3	3	22	9	12	0
DivAnc	151375	433	1_SC3	3	5	0	4	0
DivAnc	29626	921	1_SC3	649	3791	1766	3847	2944
DivAnc	225622	521	1_SC3	83	550	299	562	494
DivAnc	430	115	1_SC3	498	2496	1144	2239	1580
DivAnc	126121	149	1_SC3	2	0	0	0	0
DivAnc	121260	970	1_SC3	2	35	16	27	13
DivAnc	117633	572	1_SC3	1	0	0	0	0
DivAnc	101368	387	1_SC3	1	2	3	0	0
DivAnc	163886	565	1_SC3	599	3673	1991	3902	3090
DivAnc	741	684	1_SC3	1	0	0	0	0
DivAnc	61022	976	1_SC3	1	23	10	10	1
DivAnc	180127	20	1_SC3	241	1467	750	1433	1167
DivAnc	23481	85	1_SC3	386	2154	947	1596	1382
DivAnc	8462	680	1_SC3	1	10	1	43	25
DivAnc	83358	448	1_SC3	1	0	0	0	0
DivAnc	43235	1007	1_SC3	2	24	11	11	8
DivAnc	188717	623	1_SC3	1	1	2	0	0
DivAnc	194852	757	1_SC3	1	15	9	26	18
DivAnc	39142	250	1_SC3	128	734	348	571	451
DivAnc	19112	134	1_SC3	47	243	132	298	211
DivAnc	30973	432	1_SC3	217	1212	549	1155	1029
DivAnc	108300	742	1_SC3	3	13	6	8	0
DivAnc	6438	687	1_SC3	47	263	171	328	283
DivAnc	7552	815	1_SC3	1	12	7	11	0
DivAnc	28883	574	1_SC3	2	13	12	29	34
DivAnc	556	4	1_SC3	3	3	0	0	0
DivAnc	35479	9	1_SC3	65	335	210	299	295
DivAnc	28864	522	1_SC3	1	0	0	0	0
DivAnc	110195	352	1_SC3	183	1097	463	958	778
DivAnc	28861	362	1_SC3	2	24	4	7	6
DivAnc	74692	353	1_SC3	30	104	99	196	117
DivAnc	22534	52	1_SC3	227	1189	530	1001	839
DivAnc	149805	981	1_SC3	1	14	2	3	10
DivAnc	89227	954	1_SC3	22	101	33	36	16
DivAnc	71901	209	1_SC3	1	0	0	0	0
DivAnc	3062	395	1_SC3	4	0	0	0	0
DivAnc	43307	704	1_SC3	2	32	11	17	11
DivAnc	26440	323	1_SC3	2	32	11	43	0
DivAnc	166443	775	1_SC3	41	215	70	116	79
DivAnc	16039	302	1_SC3	1	0	0	0	0
DivAnc	73939	8	1_SC3	515	2666	1450	2975	2127
DivAnc	12516	843	1_SC3	6	19	24	39	24
DivAnc	5816	261	1_SC3	95	582	266	590	475
DivAnc	57788	423	1_SC3	1422	8821	4224	8323	6338
DivAnc	48841	924	1_SC3	1	0	0	0	0
DivAnc	96603	965	1_SC3	259	1306	676	1351	1126
DivAnc	25390	185	1_SC3	25	135	85	133	140
DivAnc	16586	26	1_SC3	51	311	169	271	179
DivAnc	32296	993	1_SC3	2	10	33	50	32
DivAnc	12057	119	1_SC3	658	3623	1834	3878	2896
DivAnc	12056	468	1_SC3	500	2907	1550	2844	2301
DivAnc	235	781	1_SC3	227	1468	713	1468	1115
DivAnc	13505	468	1_SC3	502	2710	1405	2703	2320
DivAnc	233	930	1_SC3	303	1863	1059	2034	1792
DivAnc	12694	463	1_SC3	1	0	0	0	0
DivAnc	12699	50	1_SC3	202	1185	549	1227	964
DivAnc	1	185	1_SC3	2	0	0	0	0
DivAnc	65236	684	1_SC3	365	1923	1078	2025	1532
DivAnc	5920	375	1_SC3	444	2875	1495	3021	2357
DivAnc	25718	423	1_SC3	2071	12687	6276	12860	9576
DivAnc	96048	851	1_SC3	114	605	340	684	651
DivAnc	75652	690	1_SC3	2	18	0	0	0
DivAnc	325275	1007	1_SC3	3	15	6	0	0
DivAnc	49524	111	1_SC3	1	10	12	2	8
DivAnc	191558	132	1_SC3	431	2286	1215	2584	1810
DivAnc	20705	1000	1_SC3	501	2929	1393	2909	2139
DivAnc	7823	648	1_SC3	2	0	0	0	0
DivAnc	65542	1014	1_SC3	84	443	192	493	368
DivAnc	63663	91	1_SC3	2	15	3	0	0
DivAnc	195482	979	1_SC3	5	8	10	10	0
DivAnc	270713	387	1_SC3	138	692	344	632	488
DivAnc	244421	180	1_SC3	1	0	0	0	0
DivAnc	214722	44	1_SC3	1	2	8	7	2
DivAnc	323419	13	1_SC3	1	0	0	0	0
DivAnc	26269	423	1_SC3	1836	10990	5554	10699	8841
DivAnc	141904	468	1_SC3	291	1494	824	1548	1226
DivAnc	2712	313	1_SC3	1	0	0	0	0
DivAnc	17761	132	1_SC3	2	6	2	0	0
DivAnc	58033	50	1_SC3	1	8	0	0	0
DivAnc	90281	201	1_SC3	317	2020	983	2166	1554
DivAnc	134121	729	1_SC3	2	12	10	42	16
DivAnc	105571	457	1_SC3	54	360	153	472	314
DivAnc	17166	149	1_SC3	2	3	0	0	0
DivAnc	7220	109	1_SC3	2	10	4	7	2
DivAnc	1197	138	1_SC3	4	23	4	6	0
DivAnc	172343	252	1_SC3	454	2608	1277	2620	2124
DivAnc	18637	266	1_SC3	1	6	0	0	0
DivAnc	118978	366	1_SC3	18	107	53	85	75
DivAnc	116162	162	1_SC3	439	2622	1361	2869	2269
DivAnc	16966	205	1_SC3	240	1309	631	1119	868
DivAnc	2155	573	1_SC3	47	318	190	537	421
DivAnc	2157	423	1_SC3	2043	11283	5730	12176	9579
DivAnc	2403	204	1_SC3	39	198	113	142	168
DivAnc	184803	119	1_SC3	56	358	205	362	263
DivAnc	930	340	1_SC3	2	0	0	0	0
DivAnc	154487	710	1_SC3	2	14	2	10	0
DivAnc	138246	853	1_SC3	53	309	127	581	439
DivAnc	16873	768	1_SC3	22	127	52	119	66
DivAnc	41414	440	1_SC3	3	45	10	22	12
DivAnc	33720	804	1_SC3	2	7	8	11	13
DivAnc	63533	104	1_SC3	2	10	2	14	17
DivAnc	182157	877	1_SC3	1	2	0	7	5
DivAnc	1756	769	1_SC3	105	637	316	634	436
DivAnc	49456	976	1_SC3	151	985	551	1061	768
DivAnc	54683	618	1_SC3	1	9	4	0	0
DivAnc	3248	845	1_SC3	1	0	0	0	0
DivAnc	7311	71	1_SC3	47	277	122	194	239
DivAnc	237075	391	1_SC3	2	22	0	0	0
DivAnc	63089	947	1_SC3	3	8	4	0	0
DivAnc	36971	60	1_SC3	4	17	5	25	19
DivAnc	90731	949	1_SC3	3	9	3	2	6
DivAnc	18414	125	1_SC3	17	96	60	76	90
DivAnc	203856	423	1_SC3	1374	7952	3990	7448	6058
DivAnc	18986	277	1_SC3	1	0	0	0	0
DivAnc	257477	143	1_SC3	219	1269	565	1146	818
DivAnc	275476	745	1_SC3	1	5	0	0	0
DivAnc	1481	804	1_SC3	57	374	201	360	271
DivAnc	156188	45	1_SC3	5	29	7	24	21
DivAnc	10236	685	1_SC3	29	156	62	98	67
DivAnc	3150	421	1_SC3	4	47	25	27	17
DivAnc	5494	768	1_SC3	1	12	8	7	0
DivAnc	31698	423	1_SC3	664	3639	1987	3825	3130
DivAnc	41524	639	1_SC3	4	2	0	0	0
DivAnc	5492	371	1_SC3	312	1873	1020	2044	1814
DivAnc	68641	90	1_SC3	496	3028	1441	2924	2257
DivAnc	12143	189	1_SC3	7	22	17	14	19
DivAnc	21506	418	1_SC3	1	30	12	47	42
DivAnc	157746	859	1_SC3	1	13	5	2	0
DivAnc	29728	52	1_SC3	1	0	0	0	0
DivAnc	48580	886	1_SC3	4	9	2	3	0
DivAnc	121632	159	1_SC3	693	4024	2133	4377	3554
DivAnc	36606	802	1_SC3	1	15	7	12	0
DivAnc	83890	672	1_SC3	185	1022	613	1180	977
DivAnc	42526	266	1_SC3	517	2853	1333	2983	2134
DivAnc	136500	837	1_SC3	2	11	6	9	7
DivAnc	109406	868	1_SC3	11	37	27	47	20
DivAnc	1132	252	1_SC3	605	3366	1586	3331	2467
DivAnc	14442	650	1_SC3	2	2	0	0	0
DivAnc	24563	148	1_SC3	6	15	4	9	9
DivAnc	26992	775	1_SC3	3	3	10	21	13
DivAnc	3018	492	1_SC3	1	7	1	0	0
DivAnc	208618	468	1_SC3	100	742	308	549	437
DivAnc	14680	918	1_SC3	5	9	3	0	0
DivAnc	239836	894	1_SC3	12	36	18	38	51
DivAnc	91429	209	1_SC3	365	2173	1089	2109	1783
DivAnc	77933	185	1_SC3	1	13	4	4	5
DivAnc	3014	717	1_SC3	1	10	7	0	0
DivAnc	33895	564	1_SC3	54	223	101	267	189
DivAnc	24527	313	1_SC3	1	0	0	0	0
DivAnc	137227	289	1_SC3	4	24	3	0	0
DivAnc	64828	458	1_SC3	224	1509	759	1716	1411
DivAnc	8720	185	1_SC3	2	7	0	0	0
DivAnc	1003	518	1_SC3	2	4	0	0	0
DivAnc	628	212	1_SC3	4	7	0	0	0
DivAnc	23653	680	1_SC3	4	24	7	22	10
DivAnc	8295	243	1_SC3	371	2078	1109	2531	2133
DivAnc	123076	574	1_SC3	215	1403	809	1507	1244
DivAnc	89033	584	1_SC3	243	1434	709	1197	924
DivAnc	5949	474	1_SC3	2	0	0	0	0
DivAnc	205865	115	1_SC3	1	0	0	0	0
DivAnc	59408	618	1_SC3	1	12	3	12	3
DivAnc	206352	1000	1_SC3	1	5	1	0	0
DivAnc	11011	536	1_SC3	112	628	362	826	649
DivAnc	23010	912	1_SC3	2	11	0	0	0
DivAnc	28093	710	1_SC3	2	15	7	20	38
DivAnc	23014	84	1_SC3	21	72	27	7	18
DivAnc	136155	959	1_SC3	257	1482	818	1617	1231
DivAnc	115284	524	1_SC3	17	86	29	103	78
DivAnc	143394	547	1_SC3	1	0	0	0	0
DivAnc	183115	383	1_SC3	2	6	0	0	0
DivAnc	3871	975	1_SC3	2	0	0	0	0
DivAnc	110502	935	1_SC3	400	2241	1239	2414	1767
DivAnc	3874	521	1_SC3	1	0	0	0	0
DivAnc	89104	819	1_SC3	1	3	0	0	0
DivAnc	184485	644	1_SC3	4	22	0	0	0
DivAnc	14408	34	1_SC3	1	0	0	0	0
DivAnc	145495	976	1_SC3	1	5	4	0	0
DivAnc	10	655	1_SC3	1	3	7	26	18
DivAnc	30944	526	1_SC3	446	2317	1173	2695	2050
DivAnc	184247	302	1_SC3	100	456	247	608	497
DivAnc	109223	986	1_SC3	2	28	21	6	5
DivAnc	170259	149	1_SC3	96	685	393	711	583
DivAnc	44808	691	1_SC3	395	2263	1106	2229	1759
DivAnc	25630	1002	1_SC3	60	349	169	278	157
DivAnc	61303	170	1_SC3	48	290	167	298	189
DivAnc	282361	1001	1_SC3	1	0	0	0	0
DivAnc	39730	947	1_SC3	1	5	4	24	18
DivAnc	32607	705	1_SC3	3	26	3	26	21
DivAnc	26298	956	1_SC3	317	1734	821	1512	1051
DivAnc	28874	339	1_SC3	488	2901	1413	2636	2042
DivAnc	93482	476	1_SC3	344	2040	923	1751	1218
DivAnc	35647	423	1_SC3	358	2366	1199	2397	1911
DivAnc	235139	757	1_SC3	278	1725	883	1793	1510
DivAnc	11488	205	1_SC3	3	33	18	39	11
DivAnc	304281	687	1_SC3	2	23	2	0	0
DivAnc	13659	954	1_SC3	2	13	0	0	0
DivAnc	35649	853	1_SC3	427	2606	1280	2802	1894
DivAnc	78930	638	1_SC3	9	89	31	73	61
DivAnc	25412	526	1_SC3	6	37	12	26	17
DivAnc	21586	102	1_SC3	2	3	0	0	0
DivAnc	98635	280	1_SC3	2	7	0	0	0
DivAnc	4169	381	1_SC3	4	14	7	21	39
DivAnc	240470	772	1_SC3	4	40	30	58	45
DivAnc	51327	618	1_SC3	1	7	0	0	0
DivAnc	16023	99	1_SC3	3	21	11	25	11
DivAnc	35249	807	1_SC3	1971	11508	5554	11766	8680
DivAnc	267024	544	1_SC3	1	0	0	0	0
DivAnc	16753	180	1_SC3	1	6	3	10	5
DivAnc	19924	780	1_SC3	323	2037	949	1909	1538
DivAnc	40241	256	1_SC3	1	18	10	0	0
DivAnc	94348	134	1_SC3	1	9	7	8	7
DivAnc	208	337	1_SC3	430	2899	1243	2467	1701
DivAnc	292524	938	1_SC3	1	15	0	0	0
DivAnc	7244	868	1_SC3	23	139	71	143	149
DivAnc	32280	618	1_SC3	87	563	227	594	461
DivAnc	244505	724	1_SC3	80	405	205	574	483
DivAnc	25361	34	1_SC3	581	3268	1903	3861	3063
DivAnc	2230	1001	1_SC3	373	2079	1058	2022	1539
DivAnc	69781	235	1_SC3	88	438	241	442	385
DivAnc	104580	835	1_SC3	62	405	170	328	266
DivAnc	42574	7	1_SC3	504	2877	1489	2812	2030
DivAnc	150122	183	1_SC3	184	1005	426	826	628
DivAnc	5933	313	1_SC3	20	130	59	158	137
DivAnc	101268	339	1_SC3	1	4	7	13	9
DivAnc	5930	971	1_SC3	513	3116	1532	3075	2389
DivAnc	51929	440	1_SC3	16	98	40	43	50
DivAnc	260688	979	1_SC3	83	435	180	329	306
DivAnc	64571	979	1_SC3	2	14	15	10	8
DivAnc	64577	6	1_SC3	510	2906	1443	2970	2465
DivAnc	7364	352	1_SC3	36	198	62	94	91
DivAnc	76886	692	1_SC3	749	4441	2396	4963	4021
DivAnc	185905	202	1_SC3	2	6	0	0	0
DivAnc	226	526	1_SC3	1	15	7	0	0
DivAnc	36347	43	1_SC3	276	1692	738	1331	1043
DivAnc	4579	815	1_SC3	312	1993	1011	2203	1480
DivAnc	19816	520	1_SC3	2	6	0	0	0
DivAnc	32137	756	1_SC3	45	236	107	235	146
DivAnc	133957	479	1_SC3	1	3	9	5	0
DivAnc	184728	13	1_SC3	233	1198	785	1320	1237
DivAnc	235317	34	1_SC3	1	6	4	0	0
DivAnc	269179	605	1_SC3	38	210	76	207	132
DivAnc	210055	967	1_SC3	405	2371	1028	1985	1460
DivAnc	2529	781	1_SC3	2	17	6	9	12
DivAnc	261577	431	1_SC3	1	0	0	0	0
DivAnc	121826	874	1_SC3	2	23	0	0	0
DivAnc	99947	374	1_SC3	2	12	0	0	0
DivAnc	104160	984	1_SC3	134	784	423	838	571
DivAnc	9379	162	1_SC3	11	63	16	50	63
DivAnc	197403	119	1_SC3	198	983	418	730	569
DivAnc	197406	162	1_SC3	185	1073	516	1055	760
DivAnc	2706	16	1_SC3	1	2	5	0	0
DivAnc	4886	34	1_SC3	222	1263	596	1295	1041
DivAnc	7966	228	1_SC3	6	29	16	45	25
DivAnc	38803	71	1_SC3	569	3549	1722	3393	2526
DivAnc	98890	34	1_SC3	620	3496	1939	3821	2924
DivAnc	56885	870	1_SC3	5	1	0	0	0
DivAnc	1829	570	1_SC3	150	896	452	996	695
DivAnc	251508	893	1_SC3	48	424	199	382	218
DivAnc	21115	468	1_SC3	1	3	0	0	0
DivAnc	113293	767	1_SC3	1	0	0	0	0
DivAnc	17084	589	1_SC3	57	380	186	423	373
DivAnc	125671	367	1_SC3	1	0	0	0	0
DivAnc	2416	602	1_SC3	1	16	3	0	0
DivAnc	42976	742	1_SC3	438	2398	1109	2235	1738
DivAnc	42203	859	1_SC3	554	3448	1906	3578	2556
DivAnc	12265	376	1_SC3	255	1441	713	1288	992
DivAnc	53236	625	1_SC3	351	1992	901	1829	1374
DivAnc	39734	710	1_SC3	1	4	0	0	0
DivAnc	1926	544	1_SC3	8	46	24	73	58
DivAnc	1927	993	1_SC3	107	769	461	1013	775
DivAnc	20111	851	1_SC3	2	44	4	14	11
DivAnc	39739	547	1_SC3	592	3368	1860	3764	2888
DivAnc	58151	200	1_SC3	2	44	5	24	16
DivAnc	146135	252	1_SC3	134	680	298	517	453
DivAnc	21469	60	1_SC3	919	5483	2687	5386	4022
DivAnc	3472	574	1_SC3	1	0	0	0	0
DivAnc	298300	723	1_SC3	1	0	0	0	0
DivAnc	84280	547	1_SC3	410	2517	1329	2313	1696
DivAnc	18974	149	1_SC3	96	532	256	601	433
DivAnc	18408	924	1_SC3	170	967	471	845	719
DivAnc	141733	91	1_SC3	51	260	122	285	275
DivAnc	45612	898	1_SC3	2	33	6	0	0
DivAnc	33408	423	1_SC3	326	1883	1017	1830	1416
DivAnc	176725	132	1_SC3	314	1607	867	1691	1201
DivAnc	13932	266	1_SC3	1	5	1	0	0
DivAnc	33401	534	1_SC3	187	1151	630	1266	952
DivAnc	14944	350	1_SC3	1	18	1	9	3
DivAnc	230214	771	1_SC3	32	170	78	164	139
DivAnc	137149	648	1_SC3	44	205	91	186	184
DivAnc	68785	180	1_SC3	41	199	136	297	187
DivAnc	94756	883	1_SC3	1	6	10	16	16
DivAnc	48000	865	1_SC3	1	12	10	3	5
DivAnc	5482	1002	1_SC3	2	0	0	0	0
DivAnc	41534	83	1_SC3	165	936	509	938	731
DivAnc	115612	170	1_SC3	85	607	378	631	582
DivAnc	68650	638	1_SC3	1	7	1	0	0
DivAnc	787	3	1_SC3	1	0	0	0	0
DivAnc	252570	733	1_SC3	1	10	0	0	0
DivAnc	142384	423	1_SC3	4	17	6	15	12
DivAnc	152022	476	1_SC3	1	2	5	15	5
DivAnc	84607	935	1_SC3	475	2680	1270	2235	1909
DivAnc	13134	880	1_SC3	1	1	0	0	0
DivAnc	44107	190	1_SC3	1	0	0	0	0
DivAnc	27689	1000	1_SC3	1019	5473	2736	5248	4063
DivAnc	92268	119	1_SC3	3	29	15	9	6
DivAnc	40268	48	1_SC3	1	2	2	0	0
DivAnc	153457	95	1_SC3	309	1968	946	1866	1320
DivAnc	137360	423	1_SC3	3	25	16	39	37
DivAnc	15944	930	1_SC3	226	1289	623	1185	986
DivAnc	60	474	1_SC3	1	4	3	0	0
DivAnc	50200	162	1_SC3	352	1996	1018	2009	1564
DivAnc	58573	202	1_SC3	593	3513	1711	3457	2492
DivAnc	265803	809	1_SC3	4	36	17	45	56
DivAnc	151754	807	1_SC3	2	19	10	15	13
DivAnc	25826	534	1_SC3	1	5	8	19	12
DivAnc	126035	773	1_SC3	15	136	65	127	83
DivAnc	77923	1015	1_SC3	1	0	0	0	0
DivAnc	18897	975	1_SC3	443	2575	1296	2922	2170
DivAnc	48488	852	1_SC3	1	16	5	7	4
DivAnc	11891	367	1_SC3	38	219	134	241	193
DivAnc	133261	949	1_SC3	662	4083	1894	3824	2876
DivAnc	50821	60	1_SC3	363	2040	1185	2482	1917
DivAnc	27585	186	1_SC3	2	0	0	0	0
DivAnc	99338	693	1_SC3	1	0	0	0	0
DivAnc	83774	859	1_SC3	1639	8964	4690	9228	7106
DivAnc	71092	835	1_SC3	1	4	4	20	15
DivAnc	635	757	1_SC3	2	0	0	0	0
DivAnc	226950	152	1_SC3	45	295	140	307	233
DivAnc	8069	917	1_SC3	19	118	37	78	15
DivAnc	66145	520	1_SC3	1	6	5	0	0
DivAnc	200116	888	1_SC3	1	41	14	23	14
DivAnc	73056	899	1_SC3	1	0	0	0	0
DivAnc	23132	617	1_SC3	1	7	0	0	0
DivAnc	145555	439	1_SC3	218	1301	592	1224	981
DivAnc	7481	48	1_SC3	140	751	419	845	776
DivAnc	59197	47	1_SC3	60	397	191	341	261
DivAnc	59196	718	1_SC3	709	4025	1896	3668	2728
DivAnc	291783	807	1_SC3	6	18	22	37	22
DivAnc	28267	768	1_SC3	2	18	12	36	2
DivAnc	106517	175	1_SC3	1	0	0	0	0
DivAnc	154956	592	1_SC3	254	1585	804	1744	1402
DivAnc	108099	186	1_SC3	21	194	75	81	51
DivAnc	288412	926	1_SC3	224	1414	734	1599	1258
DivAnc	34453	149	1_SC3	4	15	18	32	41
DivAnc	1105	684	1_SC3	1	4	1	20	9
DivAnc	1102	33	1_SC3	258	1546	776	1453	1095
DivAnc	207582	100	1_SC3	2	22	33	38	73
DivAnc	77491	468	1_SC3	4	39	24	70	33
DivAnc	20024	162	1_SC3	1	0	0	0	0
DivAnc	89443	591	1_SC3	1	10	5	10	8
DivAnc	11324	742	1_SC3	2	5	1	4	1
DivAnc	51796	535	1_SC3	68	383	180	407	393
DivAnc	151532	1013	1_SC3	317	1879	869	1799	1403
DivAnc	59220	648	1_SC3	1	8	11	5	0
DivAnc	197181	366	1_SC3	1	0	0	0	0
DivAnc	7578	233	1_SC3	2	0	0	0	0
DivAnc	9816	536	1_SC3	263	1574	764	1596	1203
DivAnc	100100	439	1_SC3	249	1397	703	1467	994
DivAnc	100453	756	1_SC3	4	64	29	71	81
DivAnc	308932	177	1_SC3	2	27	16	43	29
DivAnc	7773	310	1_SC3	217	1403	646	1066	881
DivAnc	225991	149	1_SC3	16	142	59	117	123
DivAnc	21247	648	1_SC3	1	1	0	0	0
DivAnc	88641	72	1_SC3	107	668	319	737	573
DivAnc	35496	815	1_SC3	69	636	290	605	437
DivAnc	286813	954	1_SC3	118	742	338	740	495
DivAnc	8316	119	1_SC3	57	247	112	134	103
DivAnc	28847	362	1_SC3	228	1388	663	1270	1074
DivAnc	114140	1001	1_SC3	4	27	10	22	15
DivAnc	23350	688	1_SC3	57	355	145	367	204
DivAnc	23829	212	1_SC3	633	3985	2064	3786	2797
DivAnc	52978	138	1_SC3	210	1379	675	1407	1172
DivAnc	215965	932	1_SC3	1	0	0	0	0
DivAnc	109123	777	1_SC3	1	16	3	4	1
DivAnc	140071	965	1_SC3	1	10	0	0	0
DivAnc	4159	512	1_SC3	231	1312	573	1321	920
DivAnc	60841	464	1_SC3	1	0	0	0	0
DivAnc	950	381	1_SC3	2	3	0	0	0
DivAnc	32927	1004	1_SC3	41	228	95	77	50
DivAnc	22192	930	1_SC3	209	1323	552	1012	690
DivAnc	59906	476	1_SC3	5	25	14	2	11
DivAnc	215	426	1_SC3	320	1798	850	1748	1365
DivAnc	117540	979	1_SC3	1	0	0	0	0
DivAnc	79981	125	1_SC3	58	312	149	407	252
DivAnc	578	2	1_SC3	205	1091	484	1014	687
DivAnc	22677	975	1_SC3	3	11	10	34	27
DivAnc	16561	60	1_SC3	2	5	0	0	0
DivAnc	52952	1014	1_SC3	171	1033	485	902	883
DivAnc	15188	727	1_SC3	1	3	0	0	0
DivAnc	131359	203	1_SC3	2	11	4	6	5
DivAnc	289438	887	1_SC3	1	0	0	0	0
DivAnc	42179	60	1_SC3	1	0	0	0	0
DivAnc	34290	600	1_SC3	4	21	0	0	0
DivAnc	23911	807	1_SC3	1968	11609	6121	12202	9282
DivAnc	92012	242	1_SC3	502	3006	1522	3013	2289
DivAnc	51959	177	1_SC3	1	0	0	0	0
DivAnc	154305	434	1_SC3	176	1030	401	822	578
DivAnc	135633	638	1_SC3	593	3629	1864	3609	2625
DivAnc	21078	639	1_SC3	366	2106	1038	2088	1599
DivAnc	185604	309	1_SC3	232	1268	648	1144	823
DivAnc	119084	52	1_SC3	1	5	4	16	6
DivAnc	32144	993	1_SC3	58	375	206	431	322
DivAnc	25514	958	1_SC3	1	9	9	2	0
DivAnc	6311	449	1_SC3	71	476	242	523	394
DivAnc	287708	853	1_SC3	1	0	0	0	0
DivAnc	17365	915	1_SC3	1	10	2	0	0
DivAnc	2394	302	1_SC3	3	22	12	11	22
DivAnc	85258	392	1_SC3	188	1002	615	1268	986
DivAnc	26054	19	1_SC3	1	0	0	0	0
DivAnc	105178	132	1_SC3	22	77	39	69	82
DivAnc	2391	983	1_SC3	368	2004	1093	2426	1825
DivAnc	121837	83	1_SC3	530	2901	1440	3106	2424
DivAnc	11478	814	1_SC3	1	6	0	0	0
DivAnc	220492	836	1_SC3	42	248	144	229	130
DivAnc	20611	1002	1_SC3	4	11	11	47	115
DivAnc	5015	350	1_SC3	449	2638	1256	2824	2176
DivAnc	62913	118	1_SC3	435	2675	1245	2446	1958
DivAnc	27939	461	1_SC3	216	1481	661	1409	1093
DivAnc	49618	846	1_SC3	49	244	158	331	247
DivAnc	25202	261	1_SC3	694	4311	2065	4303	3126
DivAnc	9490	227	1_SC3	449	2599	1265	2366	1770
DivAnc	49612	423	1_SC3	139	733	326	602	471
DivAnc	17143	186	1_SC3	106	634	265	609	508
DivAnc	36755	877	1_SC3	2	26	7	39	25
DivAnc	85034	954	1_SC3	527	2931	1507	3140	2641
DivAnc	80044	913	1_SC3	1	0	0	0	0
DivAnc	186268	3	1_SC3	1	7	2	0	0
DivAnc	1852	570	1_SC3	133	893	439	866	639
DivAnc	21185	830	1_SC3	1	28	36	102	63
DivAnc	75234	899	1_SC3	2	10	0	0	0
DivAnc	6269	898	1_SC3	54	282	155	288	203
DivAnc	2170	423	1_SC3	1643	9630	4829	9680	7831
DivAnc	3842	274	1_SC3	3	11	0	0	0
DivAnc	17096	891	1_SC3	1	0	0	0	0
DivAnc	918	916	1_SC3	1	6	0	0	0
DivAnc	2174	984	1_SC3	224	1177	522	1102	823
DivAnc	2175	453	1_SC3	204	1409	684	1255	908
DivAnc	42216	766	1_SC3	1	0	0	0	0
DivAnc	9543	590	1_SC3	1	10	6	6	5
DivAnc	118560	650	1_SC3	1	0	0	0	0
DivAnc	112422	356	1_SC3	1	0	0	0	0
DivAnc	45990	1009	1_SC3	1	11	16	45	13
DivAnc	41430	930	1_SC3	310	1911	980	2099	1545
DivAnc	123505	347	1_SC3	2	6	10	11	10
DivAnc	21456	75	1_SC3	130	792	318	829	577
DivAnc	106688	767	1_SC3	1	17	4	18	4
DivAnc	10785	819	1_SC3	516	3031	1618	3057	2183
DivAnc	39727	704	1_SC3	107	590	285	500	444
DivAnc	10037	646	1_SC3	405	2532	1218	2786	2203
DivAnc	121014	118	1_SC3	277	1514	831	1590	1369
DivAnc	134851	923	1_SC3	3	9	5	0	0
DivAnc	71314	1004	1_SC3	301	1796	831	1712	1397
DivAnc	22987	237	1_SC3	171	959	456	1051	818
DivAnc	7376	947	1_SC3	1	1	6	5	0
DivAnc	849	996	1_SC3	128	770	410	903	619
DivAnc	134101	34	1_SC3	297	1792	856	1952	1435
DivAnc	20581	209	1_SC3	2	0	0	0	0
DivAnc	41328	1001	1_SC3	34	244	138	301	244
DivAnc	103379	256	1_SC3	77	541	286	538	466
DivAnc	5438	534	1_SC3	1	0	0	0	0
DivAnc	102203	925	1_SC3	343	1902	1049	2366	1907
DivAnc	133450	132	1_SC3	2	12	0	0	0
DivAnc	41057	308	1_SC3	3	3	0	0	0
DivAnc	27593	757	1_SC3	1	8	0	0	0
DivAnc	84504	185	1_SC3	342	2025	1154	2087	1687
DivAnc	179721	343	1_SC3	1	0	0	0	0
DivAnc	18212	125	1_SC3	1	0	0	0	0
DivAnc	9035	310	1_SC3	2	4	5	2	0
DivAnc	59766	423	1_SC3	311	1646	827	1732	1463
DivAnc	9038	998	1_SC3	1	13	14	0	0
DivAnc	10256	1012	1_SC3	496	3098	1762	3545	3131
DivAnc	107483	234	1_SC3	544	3341	1827	3644	2680
DivAnc	37245	231	1_SC3	5	9	8	33	40
DivAnc	194521	175	1_SC3	2	11	4	2	0
DivAnc	143486	458	1_SC3	99	638	373	938	682
DivAnc	176374	1016	1_SC3	1	0	0	0	0
DivAnc	164491	46	1_SC3	1	10	2	21	52
DivAnc	13120	109	1_SC3	270	1510	724	1747	1275
DivAnc	18509	73	1_SC3	1	8	9	6	13
DivAnc	176378	91	1_SC3	68	412	248	503	423
DivAnc	169144	925	1_SC3	1	9	5	6	9
DivAnc	34280	717	1_SC3	49	240	104	248	223
DivAnc	29894	431	1_SC3	1	9	2	33	39
DivAnc	3429	520	1_SC3	1	6	0	0	0
DivAnc	72055	478	1_SC3	2	18	5	14	3
DivAnc	15797	805	1_SC3	1	0	0	0	0
DivAnc	264592	251	1_SC3	1	4	5	1	0
DivAnc	2958	819	1_SC3	1	2	8	30	55
DivAnc	24341	998	1_SC3	22	102	33	30	33
DivAnc	125682	729	1_SC3	1	2	0	0	0
DivAnc	28478	431	1_SC3	53	271	130	245	198
DivAnc	14313	902	1_SC3	1	16	1	0	0
DivAnc	58744	817	1_SC3	218	1180	596	1183	1051
DivAnc	143798	80	1_SC3	1	8	0	0	0
DivAnc	17951	245	1_SC3	1	8	0	0	0
DivAnc	17950	639	1_SC3	649	3683	1894	3970	2945
DivAnc	91401	935	1_SC3	505	2737	1318	2660	2045
DivAnc	232780	34	1_SC3	1	0	0	0	0
DivAnc	606	960	1_SC3	211	1130	616	966	636
DivAnc	4361	181	1_SC3	57	353	172	303	332
DivAnc	600	512	1_SC3	769	4506	2216	3901	3167
DivAnc	30035	50	1_SC3	1	0	0	0	0
DivAnc	609	622	1_SC3	545	3136	1409	3063	2472
DivAnc	59436	710	1_SC3	1	0	0	0	0
DivAnc	192809	1005	1_SC3	1	0	0	0	0
DivAnc	138075	99	1_SC3	1	17	0	0	0
DivAnc	8275	213	1_SC3	660	4004	2116	3970	3339
DivAnc	59187	461	1_SC3	4	63	14	31	22
DivAnc	637	983	1_SC3	9	52	16	20	30
DivAnc	187100	381	1_SC3	4	47	17	36	28
DivAnc	162894	367	1_SC3	150	869	434	566	377
DivAnc	1447	988	1_SC3	3	13	8	20	14
DivAnc	175000	802	1_SC3	1	19	3	3	6
DivAnc	639	687	1_SC3	1	0	0	0	0
DivAnc	47275	887	1_SC3	95	550	291	596	464
DivAnc	31635	986	1_SC3	1	3	0	0	0
DivAnc	47270	110	1_SC3	14	55	35	69	94
DivAnc	13780	109	1_SC3	18	84	54	93	121
DivAnc	23745	781	1_SC3	17	144	73	138	112
DivAnc	23748	295	1_SC3	539	3320	1666	3343	2436
DivAnc	55196	674	1_SC3	1	0	0	0	0
DivAnc	97478	607	1_SC3	5	9	4	15	17
DivAnc	23585	809	1_SC3	29	152	92	175	117
DivAnc	126689	423	1_SC3	12	74	18	63	44
DivAnc	159524	209	1_SC3	25	127	72	121	54
DivAnc	34663	446	1_SC3	2	16	16	23	24
DivAnc	11314	973	1_SC3	193	1093	502	973	800
DivAnc	199928	486	1_SC3	3	2	0	0	0
DivAnc	11312	597	1_SC3	1	11	0	0	0
DivAnc	195913	17	1_SC3	1	38	21	32	19
DivAnc	155044	627	1_SC3	1	12	2	0	0
DivAnc	9808	375	1_SC3	1	0	0	0	0
DivAnc	9805	733	1_SC3	2	20	3	0	0
DivAnc	9804	547	1_SC3	4	22	6	12	13
DivAnc	55043	47	1_SC3	38	183	92	205	114
DivAnc	9802	227	1_SC3	84	492	227	452	279
DivAnc	105348	138	1_SC3	433	2498	1230	2838	2303
DivAnc	212705	80	1_SC3	1	0	0	0	0
DivAnc	212701	289	1_SC3	3	29	17	32	25
DivAnc	42897	1001	1_SC3	504	2784	1366	2691	2177
DivAnc	117776	807	1_SC3	4	15	12	26	0
DivAnc	127152	343	1_SC3	233	1219	622	1461	1169
DivAnc	150252	998	1_SC3	49	184	79	160	81
DivAnc	114171	600	1_SC3	1	11	7	26	27
DivAnc	6720	551	1_SC3	1	0	0	0	0
DivAnc	111431	809	1_SC3	27	205	81	233	152
DivAnc	136229	623	1_SC3	2	0	0	0	0
DivAnc	28856	763	1_SC3	3	27	12	40	29
DivAnc	8309	374	1_SC3	15	90	30	71	63
DivAnc	15204	768	1_SC3	1	0	0	0	0
DivAnc	8095	116	1_SC3	503	3003	1443	2943	2314
DivAnc	5822	205	1_SC3	1	31	0	0	0
DivAnc	39062	756	1_SC3	397	2374	1190	2133	1566
DivAnc	12522	223	1_SC3	1	0	0	0	0
DivAnc	4141	631	1_SC3	1	0	0	0	0
DivAnc	110528	623	1_SC3	1	7	0	5	4
DivAnc	32449	313	1_SC3	193	987	463	903	675
DivAnc	96490	188	1_SC3	2	5	11	6	0
DivAnc	22766	592	1_SC3	1057	6048	3257	6490	4827
DivAnc	134723	245	1_SC3	2	0	0	0	0
DivAnc	11145	687	1_SC3	358	2003	1114	2497	2137
DivAnc	116552	767	1_SC3	179	936	471	1091	757
DivAnc	110252	733	1_SC3	437	2939	1439	2911	2321
DivAnc	16573	203	1_SC3	1	4	1	0	0
DivAnc	77444	705	1_SC3	399	2482	1305	3037	2364
DivAnc	43574	896	1_SC3	1	12	7	5	0
DivAnc	19300	893	1_SC3	3	8	10	17	37
DivAnc	55226	1001	1_SC3	2	12	10	17	4
DivAnc	16	648	1_SC3	1	0	0	0	0
DivAnc	82340	442	1_SC3	1	5	0	0	0
DivAnc	25742	648	1_SC3	1	22	18	30	18
DivAnc	92008	128	1_SC3	7	35	12	9	13
DivAnc	69078	1014	1_SC3	73	484	243	345	374
DivAnc	46727	964	1_SC3	1	8	3	0	0
DivAnc	196	898	1_SC3	456	2669	1311	2667	2122
DivAnc	6387	111	1_SC3	53	332	165	283	227
DivAnc	16319	428	1_SC3	2	19	4	12	38
DivAnc	4558	9	1_SC3	5	8	5	16	12
DivAnc	19874	552	1_SC3	1	6	0	6	0
DivAnc	2541	374	1_SC3	3	10	5	4	0
DivAnc	90432	60	1_SC3	244	1402	694	1221	1055
DivAnc	119904	400	1_SC3	241	1404	835	1822	1232
DivAnc	64996	423	1_SC3	655	3986	1756	3839	2733
DivAnc	42353	830	1_SC3	3	13	6	1	0
DivAnc	55240	597	1_SC3	6	72	35	69	44
DivAnc	165857	800	1_SC3	2	28	26	37	52
DivAnc	56331	780	1_SC3	301	1697	831	1705	1185
DivAnc	2387	646	1_SC3	229	1435	743	1515	1181
DivAnc	93442	35	1_SC3	329	1931	1027	2129	1624
DivAnc	292548	767	1_SC3	151	778	350	737	530
DivAnc	10102	777	1_SC3	1	6	4	32	11
DivAnc	253259	739	1_SC3	1	39	30	69	20
DivAnc	235461	926	1_SC3	56	347	161	318	195
DivAnc	9154	660	1_SC3	351	1656	734	1644	1257
DivAnc	67884	938	1_SC3	1	4	0	0	0
DivAnc	140933	729	1_SC3	402	2581	1360	2883	2036
DivAnc	70546	133	1_SC3	107	801	419	911	711
DivAnc	16406	526	1_SC3	2	31	16	31	19
DivAnc	9481	340	1_SC3	8	21	12	32	18
DivAnc	176380	159	1_SC3	1	6	9	2	4
DivAnc	176385	364	1_SC3	1	6	5	4	9
DivAnc	16794	109	1_SC3	320	1869	911	1886	1295
DivAnc	204129	12	1_SC3	1	0	0	0	0
DivAnc	43606	132	1_SC3	19	125	59	123	91
DivAnc	44620	804	1_SC3	1	0	0	0	0
DivAnc	4954	650	1_SC3	27	168	90	209	160
DivAnc	20489	138	1_SC3	399	2325	1270	2563	1878
DivAnc	53219	566	1_SC3	109	555	324	655	506
DivAnc	20954	536	1_SC3	2	23	7	20	3
DivAnc	7347	853	1_SC3	366	1971	956	1833	1514
DivAnc	135841	1001	1_SC3	2	0	0	0	0
DivAnc	305110	506	1_SC3	134	728	379	650	463
DivAnc	3294	311	1_SC3	38	242	111	289	201
DivAnc	20132	47	1_SC3	116	729	399	876	791
DivAnc	5134	855	1_SC3	1	0	0	0	0
DivAnc	5133	421	1_SC3	46	257	128	273	244
DivAnc	3291	520	1_SC3	410	2362	1058	2045	1712
DivAnc	3293	551	1_SC3	2	11	10	41	41
DivAnc	854	536	1_SC3	3	13	7	0	0
DivAnc	44765	362	1_SC3	2	9	8	17	3
DivAnc	3451	481	1_SC3	12	34	16	36	24
DivAnc	150764	890	1_SC3	329	2065	1003	2093	1502
DivAnc	33178	639	1_SC3	264	1665	769	1395	853
DivAnc	36926	125	1_SC3	229	1238	701	1463	1125
DivAnc	271831	958	1_SC3	176	1000	515	1094	824
DivAnc	41511	623	1_SC3	162	946	551	1024	857
DivAnc	271121	1004	1_SC3	1	6	1	2	4
DivAnc	24309	395	1_SC3	47	261	130	287	221
DivAnc	44012	40	1_SC3	517	3021	1515	3600	2425
DivAnc	71127	742	1_SC3	379	2145	1053	2221	1865
DivAnc	62769	812	1_SC3	1	0	0	0	0
DivAnc	94734	843	1_SC3	244	1540	831	1591	1185
DivAnc	53452	998	1_SC3	21	132	90	83	86
DivAnc	59752	54	1_SC3	2	6	0	0	0
DivAnc	45388	412	1_SC3	1	0	0	0	0
DivAnc	20008	109	1_SC3	316	1948	935	1991	1714
DivAnc	5228	628	1_SC3	6	29	4	16	6
DivAnc	83570	310	1_SC3	181	1144	571	1059	960
DivAnc	21539	232	1_SC3	207	1041	561	1042	795
DivAnc	24016	98	1_SC3	3	16	6	8	17
DivAnc	155824	766	1_SC3	1	0	0	0	0
DivAnc	102654	386	1_SC3	1	0	0	0	0
DivAnc	142097	423	1_SC3	143	857	460	886	644
DivAnc	11868	47	1_SC3	576	3146	1641	3265	2549
DivAnc	15814	292	1_SC3	96	519	300	632	355
DivAnc	23638	800	1_SC3	1	3	14	27	8
DivAnc	59536	34	1_SC3	546	3575	1695	3138	2457
DivAnc	15140	597	1_SC3	246	1388	746	1573	1073
DivAnc	744	569	1_SC3	1	0	0	0	0
DivAnc	209755	191	1_SC3	6	25	6	3	0
DivAnc	147112	940	1_SC3	14	52	36	61	27
DivAnc	109927	175	1_SC3	17	87	24	38	38
DivAnc	136766	12	1_SC3	292	1583	837	1867	1437
DivAnc	6890	807	1_SC3	985	5393	2880	5741	4413
DivAnc	3061	680	1_SC3	9	58	18	43	14
DivAnc	15611	879	1_SC3	2	7	0	0	0
DivAnc	90815	565	1_SC3	543	3267	1653	3365	2602
DivAnc	222256	80	1_SC3	2	32	48	93	154
DivAnc	41606	573	1_SC3	2	7	0	0	0
DivAnc	289246	144	1_SC3	51	272	123	259	205
DivAnc	2940	925	1_SC3	76	431	211	453	411
DivAnc	20312	864	1_SC3	2	0	0	0	0
DivAnc	143679	461	1_SC3	3	26	6	0	0
DivAnc	198267	205	1_SC3	467	2308	1086	1999	1437
DivAnc	123797	423	1_SC3	812	4336	2087	4267	3259
DivAnc	238026	200	1_SC3	1	0	0	0	0
DivAnc	37891	20	1_SC3	231	1518	615	1331	953
DivAnc	64437	800	1_SC3	3	27	26	42	19
DivAnc	147571	967	1_SC3	182	1006	498	1037	894
DivAnc	618	318	1_SC3	2	29	4	5	0
DivAnc	67442	390	1_SC3	347	2031	995	2017	1346
DivAnc	319400	932	1_SC3	296	1583	1025	2025	1519
DivAnc	610	125	1_SC3	444	2627	1363	2590	2011
DivAnc	84538	923	1_SC3	1	23	11	9	19
DivAnc	43909	617	1_SC3	1	0	0	0	0
DivAnc	14563	756	1_SC3	2	20	11	37	38
DivAnc	179919	923	1_SC3	258	1429	672	1294	1023
DivAnc	182053	829	1_SC3	2	13	7	10	0
DivAnc	15560	806	1_SC3	64	330	178	435	263
DivAnc	258660	474	1_SC3	105	622	285	551	431
DivAnc	8797	687	1_SC3	1	13	0	0	0
DivAnc	62014	347	1_SC3	23	120	62	35	25
DivAnc	26893	138	1_SC3	78	488	267	521	321
DivAnc	77875	903	1_SC3	305	1754	817	1672	1192
DivAnc	26898	1001	1_SC3	85	607	314	546	387
DivAnc	123225	295	1_SC3	678	3959	1802	3471	2802
DivAnc	208795	870	1_SC3	7	11	2	1	0
DivAnc	68856	231	1_SC3	1	0	0	0	0
DivAnc	12465	866	1_SC3	1	0	0	0	0
DivAnc	175038	646	1_SC3	1	0	0	0	0
DivAnc	79301	177	1_SC3	128	737	417	700	436
DivAnc	78781	883	1_SC3	1	0	0	0	0
DivAnc	1304	296	1_SC3	1	0	0	0	0
DivAnc	1306	572	1_SC3	5	46	25	9	3
DivAnc	23204	883	1_SC3	1	0	0	0	0
DivAnc	47733	804	1_SC3	1	0	0	0	0
DivAnc	31465	362	1_SC3	1262	6926	3419	6949	5140
DivAnc	84998	815	1_SC3	1	15	3	0	0
DivAnc	91960	831	1_SC3	363	1934	986	1930	1179
DivAnc	35701	757	1_SC3	391	2348	1124	2257	1829
DivAnc	34495	489	1_SC3	1	5	0	0	0
DivAnc	5741	657	1_SC3	50	272	117	263	154
DivAnc	23595	476	1_SC3	2	18	23	86	78
DivAnc	109742	180	1_SC3	1	3	0	0	0
DivAnc	13934	597	1_SC3	326	1904	779	1596	1236
DivAnc	13937	91	1_SC3	1	0	0	0	0
DivAnc	3596	817	1_SC3	381	2157	1115	2433	1938
DivAnc	50552	998	1_SC3	1	18	4	35	39
DivAnc	279760	913	1_SC3	1	13	4	10	0
DivAnc	11540	160	1_SC3	3	10	6	0	0
DivAnc	5583	625	1_SC3	3	4	0	0	0
DivAnc	24304	213	1_SC3	288	1628	741	1478	1209
DivAnc	221470	83	1_SC3	176	1012	509	920	689
DivAnc	9834	147	1_SC3	38	299	167	357	236
DivAnc	5589	418	1_SC3	1	0	0	0	0
DivAnc	38213	3	1_SC3	1130	6674	3257	6564	4860
DivAnc	25825	800	1_SC3	575	3108	1428	2792	2415
DivAnc	245735	800	1_SC3	568	3404	1836	3914	3332
DivAnc	7754	226	1_SC3	1	6	7	42	22
DivAnc	54326	203	1_SC3	3	14	14	6	12
DivAnc	87988	213	1_SC3	60	481	178	395	222
DivAnc	25925	886	1_SC3	1	8	0	0	0
DivAnc	1701	211	1_SC3	1	0	0	0	0
DivAnc	46942	348	1_SC3	1	6	4	0	0
DivAnc	61112	407	1_SC3	233	1211	616	1261	978
DivAnc	287019	366	1_SC3	360	2128	1107	2563	1897
DivAnc	8334	612	1_SC3	393	2283	1082	2209	1724
DivAnc	100785	644	1_SC3	403	2280	1177	2411	1774
DivAnc	47739	913	1_SC3	7	26	3	22	12
DivAnc	196168	423	1_SC3	326	1851	968	2130	1508
DivAnc	23376	375	1_SC3	250	1350	691	1177	1035
DivAnc	43342	924	1_SC3	821	4652	2361	4757	3873
DivAnc	12534	390	1_SC3	5	9	3	0	0
DivAnc	115777	1000	1_SC3	2	0	0	0	0
DivAnc	104205	674	1_SC3	149	771	462	873	612
DivAnc	214700	514	1_SC3	244	1300	735	1315	937
DivAnc	127562	564	1_SC3	264	1602	780	1514	1250
DivAnc	299848	177	1_SC3	75	416	211	416	321
DivAnc	5695	50	1_SC3	370	1979	1045	2236	1854
DivAnc	13321	456	1_SC3	1	17	0	0	0
DivAnc	25354	423	1_SC3	1564	9141	4638	9432	7449
DivAnc	25357	871	1_SC3	1	6	4	4	11
DivAnc	179	482	1_SC3	1	5	0	0	0
DivAnc	120036	522	1_SC3	3	7	1	0	0
DivAnc	32091	757	1_SC3	91	553	315	612	466
DivAnc	22409	302	1_SC3	298	1977	1058	1984	1632
DivAnc	124996	646	1_SC3	154	904	441	862	675
DivAnc	16541	669	1_SC3	2	5	0	0	0
DivAnc	1066	732	1_SC3	2	8	10	6	0
DivAnc	22402	231	1_SC3	1	0	0	0	0
DivAnc	255954	886	1_SC3	2	17	8	6	0
DivAnc	296100	619	1_SC3	347	2099	1030	2177	1606
DivAnc	166530	988	1_SC3	3	20	10	6	6
DivAnc	150618	138	1_SC3	302	1604	784	1524	1147
DivAnc	82338	252	1_SC3	285	1727	794	1453	1064
DivAnc	447	648	1_SC3	1	0	0	0	0
DivAnc	56502	202	1_SC3	267	1453	751	1359	1067
DivAnc	27267	570	1_SC3	2	7	0	0	0
DivAnc	51203	856	1_SC3	80	449	290	579	394
DivAnc	200259	347	1_SC3	1	5	1	0	0
DivAnc	2280	266	1_SC3	257	1402	646	1244	1015
DivAnc	98513	269	1_SC3	158	954	408	716	552
DivAnc	43680	570	1_SC3	2	30	11	12	0
DivAnc	56768	1018	1_SC3	1	4	0	0	0
DivAnc	46717	85	1_SC3	502	2684	1279	2667	1875
DivAnc	3668	916	1_SC3	138	760	363	742	513
DivAnc	2286	772	1_SC3	33	133	40	45	46
DivAnc	19687	267	1_SC3	1	2	0	0	0
DivAnc	292486	71	1_SC3	99	603	320	665	686
DivAnc	191287	896	1_SC3	194	1322	599	1137	783
DivAnc	117129	366	1_SC3	1	1	0	0	0
DivAnc	277085	866	1_SC3	41	212	121	220	214
DivAnc	167205	976	1_SC3	1	0	0	0	0
DivAnc	11690	723	1_SC3	345	1899	1046	2148	1660
DivAnc	165532	1001	1_SC3	3	0	0	0	0
DivAnc	57746	125	1_SC3	483	2683	1319	2828	2256
DivAnc	11455	845	1_SC3	1	2	0	20	34
DivAnc	11450	785	1_SC3	5	32	14	0	0
DivAnc	6590	777	1_SC3	311	1887	933	1667	1331
DivAnc	98202	1000	1_SC3	4	9	5	23	3
DivAnc	135273	976	1_SC3	255	1473	779	1570	1183
DivAnc	5036	423	1_SC3	193	1120	533	1201	828
DivAnc	39859	412	1_SC3	228	1197	531	970	980
DivAnc	4823	356	1_SC3	1	27	26	14	19
DivAnc	64544	639	1_SC3	1	0	0	0	0
DivAnc	17129	843	1_SC3	403	2323	1100	2425	1870
DivAnc	979	1014	1_SC3	1	7	0	0	0
DivAnc	1082	534	1_SC3	20	148	63	227	170
DivAnc	977	985	1_SC3	277	1545	845	1408	1102
DivAnc	36731	32	1_SC3	127	614	339	711	600
DivAnc	198897	267	1_SC3	30	147	67	143	78
DivAnc	41853	271	1_SC3	86	460	217	425	335
DivAnc	193710	115	1_SC3	2	22	19	28	11
DivAnc	97601	473	1_SC3	25	149	45	39	45
DivAnc	152420	106	1_SC3	6	6	9	8	10
DivAnc	75699	829	1_SC3	1	6	0	0	0
DivAnc	2117	866	1_SC3	3	34	11	38	20
DivAnc	20125	70	1_SC3	11	48	44	112	98
DivAnc	45718	239	1_SC3	293	1672	764	1493	1267
DivAnc	62377	757	1_SC3	2	10	9	6	0
DivAnc	62375	50	1_SC3	140	750	408	1071	881
DivAnc	14029	147	1_SC3	2	17	16	15	17
DivAnc	121078	729	1_SC3	234	1191	546	1306	734
DivAnc	1915	993	1_SC3	1	9	1	0	0
DivAnc	1916	40	1_SC3	2	0	0	0	0
DivAnc	56964	200	1_SC3	1	11	3	6	0
DivAnc	26037	433	1_SC3	35	152	71	119	37
DivAnc	12136	977	1_SC3	51	346	192	366	313
DivAnc	235857	340	1_SC3	2	26	6	0	0
DivAnc	192531	228	1_SC3	2	5	3	4	16
DivAnc	62979	930	1_SC3	292	1775	906	1666	1303
DivAnc	11133	757	1_SC3	771	4238	2006	4279	3343
DivAnc	36396	185	1_SC3	2	0	0	0	0
DivAnc	53684	526	1_SC3	1	4	0	0	0
DivAnc	70558	214	1_SC3	2	3	0	0	0
DivAnc	45375	60	1_SC3	147	732	379	852	671
DivAnc	2758	843	1_SC3	390	2026	1170	2606	1957
DivAnc	883	209	1_SC3	337	2023	983	2046	1581
DivAnc	232538	1005	1_SC3	1	0	0	0	0
DivAnc	884	958	1_SC3	311	1791	973	1873	1360
DivAnc	54667	112	1_SC3	330	1914	937	1796	1660
DivAnc	107415	988	1_SC3	2	10	2	12	15
DivAnc	54663	998	1_SC3	117	723	382	707	593
DivAnc	5211	1014	1_SC3	54	246	131	297	233
DivAnc	14156	458	1_SC3	307	1832	891	1756	1223
DivAnc	9056	846	1_SC3	493	2818	1557	2707	2081
DivAnc	78374	168	1_SC3	50	342	180	390	443
DivAnc	59578	639	1_SC3	1	0	0	0	0
DivAnc	45879	375	1_SC3	56	348	136	324	243
DivAnc	24067	969	1_SC3	145	857	366	634	490
DivAnc	184076	376	1_SC3	1	0	0	0	0
DivAnc	18525	757	1_SC3	446	2571	1285	2800	2171
DivAnc	176602	185	1_SC3	471	2575	1260	2520	1947
DivAnc	13101	363	1_SC3	1	12	0	0	0
DivAnc	85768	89	1_SC3	342	2063	1169	2228	1635
DivAnc	14484	830	1_SC3	1	9	1	2	0
DivAnc	18303	202	1_SC3	107	732	376	680	473
DivAnc	78559	40	1_SC3	264	1395	615	1106	947
DivAnc	109911	209	1_SC3	1	0	0	0	0
DivAnc	119351	1015	1_SC3	270	1550	865	1569	1205
DivAnc	44449	623	1_SC3	185	1126	520	1022	848
DivAnc	24322	217	1_SC3	67	420	170	372	243
DivAnc	122522	635	1_SC3	1	3	3	0	0
DivAnc	62622	234	1_SC3	4	12	12	28	10
DivAnc	48725	902	1_SC3	14	65	53	145	81
DivAnc	272688	252	1_SC3	27	166	86	136	141
DivAnc	156953	704	1_SC3	131	796	385	858	716
DivAnc	14375	587	1_SC3	511	2717	1339	2531	2056
DivAnc	68990	376	1_SC3	558	3089	1374	2693	2335
DivAnc	29473	587	1_SC3	72	514	273	544	382
DivAnc	1040	711	1_SC3	101	641	280	562	543
DivAnc	1045	500	1_SC3	182	1087	610	1138	898
DivAnc	9583	279	1_SC3	2	0	0	0	0
DivAnc	47854	947	1_SC3	1	3	0	0	0
DivAnc	1680	853	1_SC3	1	0	0	0	0
DivAnc	18782	627	1_SC3	116	716	353	736	514
DivAnc	188458	90	1_SC3	185	1172	624	1176	883
DivAnc	164128	1009	1_SC3	2	36	10	22	20
DivAnc	192398	815	1_SC3	1	0	0	0	0
DivAnc	24499	104	1_SC3	290	1690	890	1920	1401
DivAnc	41706	213	1_SC3	1	0	0	0	0
DivAnc	14575	440	1_SC3	12	66	20	51	34
DivAnc	50367	768	1_SC3	1	4	0	0	0
DivAnc	29980	456	1_SC3	1	0	0	0	0
DivAnc	26014	134	1_SC3	1	1	0	0	0
DivAnc	24254	965	1_SC3	505	2937	1402	2746	2344
DivAnc	123235	279	1_SC3	71	394	192	368	221
DivAnc	79339	552	1_SC3	145	969	472	1017	956
DivAnc	291477	619	1_SC3	2	7	8	24	17
DivAnc	94896	912	1_SC3	28	160	92	273	187
DivAnc	178504	252	1_SC3	1	0	0	0	0
DivAnc	68537	46	1_SC3	227	1348	738	1416	1068
DivAnc	68535	845	1_SC3	622	3751	1679	3451	2581
DivAnc	8651	657	1_SC3	1	0	0	0	0
DivAnc	8652	710	1_SC3	354	1956	971	1931	1496
DivAnc	1463	14	1_SC3	1	0	0	0	0
DivAnc	72369	476	1_SC3	119	593	251	375	290
DivAnc	258436	7	1_SC3	2	2	0	0	0
DivAnc	8738	589	1_SC3	1	0	0	0	0
DivAnc	35730	20	1_SC3	427	2642	1284	2717	1915
DivAnc	31470	71	1_SC3	1	2	5	0	0
DivAnc	66879	85	1_SC3	1	4	9	17	4
DivAnc	28900	552	1_SC3	1	12	0	0	0
DivAnc	5753	618	1_SC3	341	1955	971	1937	1614
DivAnc	132412	816	1_SC3	2	24	21	77	46
DivAnc	30905	996	1_SC3	257	1371	613	1081	891
DivAnc	15353	924	1_SC3	159	990	480	903	682
DivAnc	67876	732	1_SC3	66	413	234	436	318
DivAnc	13926	536	1_SC3	1	16	9	55	43
DivAnc	4235	133	1_SC3	72	491	231	474	334
DivAnc	24789	1001	1_SC3	2	15	9	20	35
DivAnc	6449	169	1_SC3	28	162	69	155	146
DivAnc	15193	780	1_SC3	293	1681	866	1511	1122
DivAnc	28637	518	1_SC3	1	6	0	0	0
DivAnc	50567	976	1_SC3	380	2257	1145	2280	1642
DivAnc	129924	612	1_SC3	286	1588	834	1587	1203
DivAnc	91604	83	1_SC3	89	509	230	478	471
DivAnc	245704	333	1_SC3	1	16	7	11	1
DivAnc	151016	70	1_SC3	1	0	0	0	0
DivAnc	127429	981	1_SC3	261	1634	702	1284	1063
DivAnc	72564	710	1_SC3	73	476	192	295	193
DivAnc	13690	830	1_SC3	270	1420	824	1485	1109
DivAnc	131811	907	1_SC3	614	3496	1806	3752	2966
DivAnc	55737	705	1_SC3	535	3342	1670	3059	2426
DivAnc	55731	118	1_SC3	275	1518	734	1630	1238
DivAnc	13699	596	1_SC3	23	85	46	113	60
DivAnc	32883	60	1_SC3	29	163	122	157	124
DivAnc	72764	95	1_SC3	9	64	26	61	29
DivAnc	148032	956	1_SC3	226	1425	635	1191	927
DivAnc	73965	433	1_SC3	129	784	315	641	576
DivAnc	27788	252	1_SC3	592	3717	1981	4069	3078
DivAnc	7436	628	1_SC3	1	0	0	0	0
DivAnc	102893	91	1_SC3	1	3	1	5	13
DivAnc	22361	836	1_SC3	124	537	216	410	301
DivAnc	110097	787	1_SC3	37	235	143	202	221
DivAnc	5683	75	1_SC3	2	17	5	9	0
DivAnc	215990	12	1_SC3	1	11	3	5	2
DivAnc	55558	804	1_SC3	1	4	3	5	0
DivAnc	253789	213	1_SC3	594	3284	1642	3153	2543
DivAnc	4192	529	1_SC3	59	337	199	307	230
DivAnc	266348	36	1_SC3	1	20	11	19	18
DivAnc	292760	80	1_SC3	535	3229	1586	2942	2302
DivAnc	119723	938	1_SC3	25	94	27	71	59
DivAnc	23417	1013	1_SC3	19	75	43	106	98
DivAnc	120592	392	1_SC3	1	0	0	0	0
DivAnc	110071	125	1_SC3	25	229	76	187	104
DivAnc	259214	34	1_SC3	430	2617	1408	2897	2381
DivAnc	125956	209	1_SC3	298	1893	1034	1948	1427
DivAnc	100087	577	1_SC3	1	0	0	0	0
DivAnc	77424	456	1_SC3	1	6	2	25	7
DivAnc	4058	950	1_SC3	8	42	28	51	25
DivAnc	145183	279	1_SC3	62	365	234	479	310
DivAnc	12347	739	1_SC3	1	0	0	0	0
DivAnc	51966	80	1_SC3	452	2444	1242	2472	2110
DivAnc	21045	680	1_SC3	529	3002	1436	2699	1992
DivAnc	60527	116	1_SC3	1	0	0	0	0
DivAnc	3617	4	1_SC3	1	5	0	0	0
DivAnc	120242	347	1_SC3	299	1794	840	1731	1286
DivAnc	121311	574	1_SC3	5	58	28	42	21
DivAnc	119806	912	1_SC3	1	0	0	0	0
DivAnc	19696	261	1_SC3	1	18	9	25	9
DivAnc	32370	772	1_SC3	23	124	69	195	160
DivAnc	25033	816	1_SC3	6	46	20	74	88
DivAnc	166346	886	1_SC3	120	822	343	694	566
DivAnc	166347	50	1_SC3	204	1075	622	1223	967
DivAnc	2567	14	1_SC3	402	2130	1131	2166	1751
DivAnc	220357	802	1_SC3	1	9	6	25	0
DivAnc	2367	657	1_SC3	7	47	39	93	100
DivAnc	135043	6	1_SC3	1	9	0	0	0
DivAnc	7291	34	1_SC3	447	2456	1307	2509	1832
DivAnc	49667	804	1_SC3	2	20	6	33	42
DivAnc	7297	536	1_SC3	1	19	4	5	0
DivAnc	54989	100	1_SC3	1	11	3	0	0
DivAnc	99348	423	1_SC3	5	27	26	67	28
DivAnc	46368	979	1_SC3	1	1	4	8	3
DivAnc	5026	85	1_SC3	1	0	0	0	0
DivAnc	118252	149	1_SC3	98	559	320	574	375
DivAnc	3728	132	1_SC3	1	10	3	0	0
DivAnc	26256	613	1_SC3	50	295	119	269	224
DivAnc	36097	921	1_SC3	214	1134	526	918	607
DivAnc	71688	387	1_SC3	3	3	3	8	2
DivAnc	122969	326	1_SC3	2	6	3	8	6
DivAnc	162426	757	1_SC3	5	28	2	6	35
DivAnc	4933	353	1_SC3	14	78	48	115	95
DivAnc	960	620	1_SC3	376	1996	1002	1904	1481
DivAnc	139347	896	1_SC3	366	2062	1016	2109	1614
DivAnc	6296	461	1_SC3	54	391	176	329	235
DivAnc	36251	428	1_SC3	1	0	0	0	0
DivAnc	4688	362	1_SC3	1	3	0	0	0
DivAnc	69725	173	1_SC3	21	70	21	136	123
DivAnc	6059	188	1_SC3	2	25	7	21	42
DivAnc	250309	347	1_SC3	307	1762	845	1759	1401
DivAnc	43626	83	1_SC3	329	2131	973	1803	1246
DivAnc	2100	892	1_SC3	329	2066	981	2098	1623
DivAnc	42089	930	1_SC3	528	3315	1695	3238	2717
DivAnc	152744	866	1_SC3	2	2	1	7	4
DivAnc	87266	326	1_SC3	311	1515	937	1849	1429
DivAnc	5116	886	1_SC3	583	2993	1422	2827	1950
DivAnc	2635	815	1_SC3	351	1900	851	1967	1501
DivAnc	2636	534	1_SC3	1	18	7	7	0
DivAnc	153349	456	1_SC3	2	3	8	9	5
DivAnc	37475	988	1_SC3	2	38	10	10	13
DivAnc	136498	109	1_SC3	17	147	96	179	146
DivAnc	198837	112	1_SC3	1	0	0	0	0
DivAnc	79844	138	1_SC3	14	54	31	62	45
DivAnc	118898	829	1_SC3	336	1872	912	2016	1546
DivAnc	79840	60	1_SC3	376	2255	1175	2544	1883
DivAnc	179025	843	1_SC3	395	2563	1420	2864	2350
DivAnc	162512	969	1_SC3	151	774	431	716	596
DivAnc	4590	830	1_SC3	2	12	24	78	43
DivAnc	2034	34	1_SC3	7	21	9	29	18
DivAnc	2033	47	1_SC3	554	3084	1548	3353	2733
DivAnc	49395	132	1_SC3	434	2532	1296	3064	2361
DivAnc	42669	521	1_SC3	17	88	74	89	53
DivAnc	42884	692	1_SC3	430	2607	1156	2326	1762
DivAnc	4843	1000	1_SC3	3	7	12	17	15
DivAnc	317000	191	1_SC3	17	160	91	115	94
DivAnc	264901	279	1_SC3	325	2025	1152	2052	1668
DivAnc	14904	628	1_SC3	1	0	0	0	0
DivAnc	33336	547	1_SC3	1	0	0	0	0
DivAnc	170060	921	1_SC3	109	570	273	532	405
DivAnc	63175	813	1_SC3	1	0	0	0	0
DivAnc	155805	192	1_SC3	2	20	9	44	24
DivAnc	99014	852	1_SC3	4	1	0	0	0
DivAnc	21423	421	1_SC3	80	496	156	370	281
DivAnc	3545	83	1_SC3	1	8	8	35	14
DivAnc	71217	356	1_SC3	1	0	0	0	0
DivAnc	83516	47	1_SC3	3	15	0	0	0
DivAnc	3234	997	1_SC3	1	3	2	0	0
DivAnc	113440	926	1_SC3	1	17	4	44	28
DivAnc	175264	186	1_SC3	1	14	4	0	0
DivAnc	168929	309	1_SC3	1	0	0	0	0
DivAnc	24074	704	1_SC3	3	19	6	6	10
DivAnc	37277	686	1_SC3	21	119	48	80	60
DivAnc	36077	47	1_SC3	4	7	11	19	25
DivAnc	32025	757	1_SC3	1	11	3	11	15
DivAnc	36073	52	1_SC3	166	1064	535	897	660
DivAnc	65595	309	1_SC3	207	1188	591	1173	749
DivAnc	285701	14	1_SC3	2	7	1	6	0
DivAnc	85087	119	1_SC3	2	28	10	61	25
DivAnc	15168	790	1_SC3	182	1058	529	951	700
DivAnc	2964	969	1_SC3	1	3	1	0	0
DivAnc	2967	657	1_SC3	1	8	0	0	0
DivAnc	2966	677	1_SC3	149	837	461	828	690
DivAnc	33933	474	1_SC3	128	706	403	611	552
DivAnc	37291	138	1_SC3	487	2599	1300	2659	1919
DivAnc	146995	147	1_SC3	7	45	12	26	66
DivAnc	255444	809	1_SC3	1	0	0	0	0
DivAnc	62633	423	1_SC3	1580	9696	5086	9644	7427
DivAnc	3042	486	1_SC3	185	1072	510	1065	859
DivAnc	167818	159	1_SC3	1	5	2	6	1
DivAnc	158049	213	1_SC3	1	9	7	33	16
DivAnc	45928	833	1_SC3	1	0	0	0	0
DivAnc	42699	476	1_SC3	2	0	0	0	0
DivAnc	306117	816	1_SC3	3	15	18	28	37
DivAnc	226778	712	1_SC3	957	5527	3071	5476	4154
DivAnc	40002	40	1_SC3	3	2	4	0	0
DivAnc	13001	546	1_SC3	79	485	272	599	420
DivAnc	61983	941	1_SC3	1	4	12	4	0
DivAnc	149577	423	1_SC3	297	1830	916	1930	1691
DivAnc	67516	72	1_SC3	2	11	8	23	32
DivAnc	76674	526	1_SC3	2	32	17	56	57
DivAnc	1095	287	1_SC3	328	1877	921	2003	1501
DivAnc	89061	783	1_SC3	357	2242	1117	2061	1715
DivAnc	89064	1001	1_SC3	332	1996	970	1702	1326
DivAnc	118526	780	1_SC3	69	473	221	480	399
DivAnc	29999	853	1_SC3	200	1296	662	1454	1033
DivAnc	228400	9	1_SC3	90	414	224	465	322
DivAnc	14584	173	1_SC3	262	1533	802	1540	1271
DivAnc	18837	521	1_SC3	207	1181	558	990	866
DivAnc	18002	162	1_SC3	1	0	0	0	0
DivAnc	27521	109	1_SC3	144	832	497	1109	791
DivAnc	14745	217	1_SC3	232	1373	736	1512	1142
DivAnc	82016	111	1_SC3	1	13	13	9	0
DivAnc	29681	601	1_SC3	218	1182	656	1292	933
DivAnc	1418	750	1_SC3	68	378	159	247	221
DivAnc	67607	239	1_SC3	147	971	367	779	484
DivAnc	47440	50	1_SC3	127	725	309	587	394
DivAnc	1410	536	1_SC3	2	6	3	0	0
DivAnc	1326	295	1_SC3	344	1913	910	1877	1647
DivAnc	67923	781	1_SC3	1	0	0	0	0
DivAnc	88933	347	1_SC3	2	8	5	6	7
DivAnc	93729	530	1_SC3	1	2	0	0	0
DivAnc	268193	147	1_SC3	34	147	78	101	76
DivAnc	8686	440	1_SC3	17	93	95	106	93
DivAnc	176822	296	1_SC3	1	0	0	0	0
DivAnc	8137	584	1_SC3	37	212	130	273	226
DivAnc	61128	620	1_SC3	1	12	7	5	0
DivAnc	15183	1011	1_SC3	3	16	11	18	30
DivAnc	27665	246	1_SC3	96	624	260	355	249
DivAnc	151009	204	1_SC3	86	338	261	456	474
DivAnc	186559	802	1_SC3	347	2218	1038	2200	1690
DivAnc	34036	605	1_SC3	2	4	7	14	21
DivAnc	2395	660	1_SC3	498	3192	1610	2927	2453
DivAnc	1522	90	1_SC3	2	0	0	0	0
DivAnc	25807	292	1_SC3	1	0	0	0	0
DivAnc	28333	423	1_SC3	627	3556	1721	3488	2560
DivAnc	308	163	1_SC3	177	1076	483	1060	792
DivAnc	127128	203	1_SC3	3	3	0	0	0
DivAnc	322962	648	1_SC3	284	1558	700	1461	1040
DivAnc	300	109	1_SC3	352	2063	1090	2412	1704
DivAnc	3950	947	1_SC3	1	0	0	0	0
DivAnc	92836	423	1_SC3	114	740	324	622	567
DivAnc	53913	632	1_SC3	1	0	0	0	0
DivAnc	228988	484	1_SC3	329	2068	1061	2185	1534
DivAnc	88334	391	1_SC3	221	1203	717	1377	1017
DivAnc	24689	949	1_SC3	2	9	5	0	0
DivAnc	35293	423	1_SC3	689	4313	2066	3884	2915
DivAnc	51425	777	1_SC3	328	2052	1068	2068	1812
DivAnc	160908	1001	1_SC3	221	1283	689	1091	792
DivAnc	51354	1013	1_SC3	131	676	387	728	547
DivAnc	100250	892	1_SC3	43	176	58	154	84
DivAnc	19899	677	1_SC3	28	185	65	91	97
DivAnc	298846	552	1_SC3	3	29	9	49	13
DivAnc	50972	423	1_SC3	922	5650	2722	5600	4515
DivAnc	28151	205	1_SC3	1	12	12	23	10
DivAnc	170379	311	1_SC3	1	7	0	0	0
DivAnc	127237	361	1_SC3	1	3	4	0	0
DivAnc	213112	837	1_SC3	2	1	0	0	0
DivAnc	150994	261	1_SC3	69	269	161	254	174
DivAnc	27542	245	1_SC3	6	44	34	50	27
DivAnc	1249	1012	1_SC3	132	744	352	595	525
DivAnc	16525	461	1_SC3	299	1806	871	1815	1457
DivAnc	73350	493	1_SC3	3	6	0	0	0
DivAnc	56165	313	1_SC3	2	10	0	0	0
DivAnc	181230	432	1_SC3	541	3387	1717	3732	2946
DivAnc	20260	647	1_SC3	429	2368	1210	2237	1810
DivAnc	6601	185	1_SC3	1	17	4	23	17
DivAnc	230579	896	1_SC3	1	0	0	0	0
DivAnc	200875	652	1_SC3	1	3	0	0	0
DivAnc	12639	534	1_SC3	532	3163	1476	2542	2216
DivAnc	177912	83	1_SC3	2	21	9	29	6
DivAnc	22425	170	1_SC3	43	268	148	356	205
DivAnc	78899	686	1_SC3	401	2432	1202	2697	2059
DivAnc	11504	13	1_SC3	607	3594	1850	4141	3183
DivAnc	69912	1001	1_SC3	1	20	5	8	9
DivAnc	117933	132	1_SC3	3	13	2	5	0
DivAnc	69266	650	1_SC3	120	700	292	583	513
DivAnc	11501	169	1_SC3	4	11	15	46	6
DivAnc	57342	1005	1_SC3	201	1165	623	1318	1050
DivAnc	174312	6	1_SC3	114	733	336	827	641
DivAnc	100325	302	1_SC3	1	0	0	0	0
DivAnc	120302	423	1_SC3	698	4092	2021	3746	2774
DivAnc	19533	367	1_SC3	317	1796	847	2055	1656
DivAnc	191733	464	1_SC3	84	455	208	260	181
DivAnc	19530	245	1_SC3	223	1347	611	1407	951
DivAnc	96752	674	1_SC3	1	0	0	0	0
DivAnc	21038	657	1_SC3	410	2517	1344	2396	1767
DivAnc	62396	651	1_SC3	1	0	0	0	0
DivAnc	18403	202	1_SC3	1	0	0	0	0
DivAnc	12189	705	1_SC3	137	677	416	847	589
DivAnc	17090	846	1_SC3	68	454	217	343	249
DivAnc	10731	745	1_SC3	1	22	6	18	9
DivAnc	141186	175	1_SC3	1	0	0	0	0
DivAnc	57767	807	1_SC3	1	12	0	0	0
DivAnc	12747	534	1_SC3	77	452	201	484	366
DivAnc	198918	975	1_SC3	1	4	0	0	0
DivAnc	153647	526	1_SC3	1	5	6	0	0
DivAnc	11439	974	1_SC3	1	14	15	37	3
DivAnc	19997	906	1_SC3	8	40	19	28	17
DivAnc	277552	343	1_SC3	1	0	0	0	0
DivAnc	97578	329	1_SC3	708	4127	1918	3967	3258
DivAnc	49656	391	1_SC3	3	21	6	8	3
DivAnc	74365	639	1_SC3	2	5	0	0	0
DivAnc	35473	894	1_SC3	1	10	4	9	0
DivAnc	143165	440	1_SC3	1	9	12	33	17
DivAnc	17697	186	1_SC3	77	552	254	533	368
DivAnc	1895	153	1_SC3	42	206	129	339	184
DivAnc	21146	768	1_SC3	442	2613	1228	2433	2019
DivAnc	16456	883	1_SC3	1	0	0	0	0
DivAnc	218104	596	1_SC3	3	23	10	62	13
DivAnc	113008	841	1_SC3	21	97	51	122	91
DivAnc	105683	138	1_SC3	237	1586	845	1471	1311
DivAnc	293429	125	1_SC3	169	937	505	915	787
DivAnc	81849	181	1_SC3	1	8	0	0	0
DivAnc	116219	899	1_SC3	3	16	6	11	16
DivAnc	20144	423	1_SC3	109	607	312	649	434
DivAnc	244711	135	1_SC3	1	16	4	11	0
DivAnc	84094	587	1_SC3	1	5	4	4	0
DivAnc	166976	149	1_SC3	96	503	251	544	437
DivAnc	22941	148	1_SC3	49	397	208	412	270
DivAnc	84769	296	1_SC3	332	1811	986	1797	1607
DivAnc	2735	733	1_SC3	1	11	5	20	14
DivAnc	85140	657	1_SC3	375	2132	1175	2325	1704
DivAnc	314056	926	1_SC3	3	0	0	0	0
DivAnc	74472	589	1_SC3	1	9	0	0	0
DivAnc	3424	520	1_SC3	647	3998	2144	4173	3059
DivAnc	12167	780	1_SC3	1	15	16	60	45
DivAnc	61090	2	1_SC3	2	29	5	55	39
DivAnc	4857	19	1_SC3	1	0	0	0	0
DivAnc	4856	846	1_SC3	173	1093	474	1003	642
DivAnc	102489	1004	1_SC3	21	109	50	143	135
DivAnc	84822	459	1_SC3	146	914	462	974	812
DivAnc	162705	265	1_SC3	358	2006	960	1745	1363
DivAnc	45028	865	1_SC3	439	2363	1198	2529	1750
DivAnc	44281	998	1_SC3	58	346	196	419	314
DivAnc	53486	377	1_SC3	1	11	8	0	0
DivAnc	10291	279	1_SC3	432	2599	1324	2709	2066
DivAnc	58638	423	1_SC3	8	37	13	39	6
DivAnc	48294	381	1_SC3	71	439	207	540	553
DivAnc	63392	757	1_SC3	487	2636	1421	2981	2207
DivAnc	2996	534	1_SC3	1	0	0	0	0
DivAnc	11985	1000	1_SC3	4	29	3	10	10
DivAnc	157521	461	1_SC3	1	0	0	0	0
DivAnc	120902	1014	1_SC3	18	134	80	265	234
DivAnc	148768	372	1_SC3	207	1387	641	1447	989
DivAnc	268740	807	1_SC3	1055	6253	3392	6558	5303
DivAnc	106171	674	1_SC3	424	2302	1215	2451	1665
DivAnc	84302	247	1_SC3	1	30	17	29	22
DivAnc	227704	829	1_SC3	1	5	0	0	0
DivAnc	18815	680	1_SC3	1	0	0	0	0
DivAnc	28247	34	1_SC3	1181	7084	3660	7594	6020
DivAnc	78531	340	1_SC3	67	358	160	295	229
DivAnc	33258	381	1_SC3	2	4	5	21	27
DivAnc	710	792	1_SC3	1	0	0	0	0
DivAnc	152007	310	1_SC3	129	655	285	641	523
DivAnc	122502	461	1_SC3	1	4	0	0	0
DivAnc	80936	461	1_SC3	2	19	6	37	21
DivAnc	58259	926	1_SC3	631	3818	1850	3422	2655
DivAnc	99668	115	1_SC3	2	7	20	62	51
DivAnc	1068	449	1_SC3	100	565	233	467	426
DivAnc	211777	887	1_SC3	294	2033	992	1981	1353
DivAnc	30699	50	1_SC3	1	8	0	0	0
DivAnc	208475	76	1_SC3	2	8	7	9	7
DivAnc	40839	62	1_SC3	492	3014	1513	3127	2478
DivAnc	30694	896	1_SC3	33	191	71	155	95
DivAnc	5304	786	1_SC3	1	7	0	0	0
DivAnc	1067	670	1_SC3	1	6	0	0	0
DivAnc	5307	437	1_SC3	86	411	215	311	249
DivAnc	84541	214	1_SC3	207	995	467	979	775
DivAnc	223880	7	1_SC3	1	4	0	0	0
DivAnc	243126	956	1_SC3	5	23	13	47	26
DivAnc	68088	807	1_SC3	1524	8297	4370	8292	6201
DivAnc	109591	790	1_SC3	410	2679	1247	2216	1737
DivAnc	226909	835	1_SC3	251	1522	659	1321	1171
DivAnc	593	593	1_SC3	2	0	0	0	0
DivAnc	8236	625	1_SC3	307	1786	824	1853	1227
DivAnc	273936	823	1_SC3	1	25	19	19	27
DivAnc	129785	311	1_SC3	264	1484	762	1459	1067
DivAnc	8238	245	1_SC3	2	7	13	24	2
DivAnc	112398	288	1_SC3	1	0	0	0	0
DivAnc	31270	470	1_SC3	62	365	114	265	292
DivAnc	133898	138	1_SC3	132	866	371	716	626
DivAnc	97111	195	1_SC3	180	942	496	1131	899
DivAnc	2826	149	1_SC3	4	12	10	18	5
DivAnc	24279	617	1_SC3	458	2666	1289	2771	2279
DivAnc	20216	400	1_SC3	19	86	75	118	76
DivAnc	7630	520	1_SC3	540	3109	1592	3267	2480
DivAnc	159661	899	1_SC3	163	1027	426	852	594
DivAnc	14753	119	1_SC3	3	5	0	0	0
DivAnc	37139	33	1_SC3	352	2013	1009	1932	1638
DivAnc	115174	647	1_SC3	2	0	0	0	0
DivAnc	31418	764	1_SC3	1	0	0	0	0
DivAnc	118461	986	1_SC3	1	0	0	0	0
DivAnc	171562	773	1_SC3	299	1769	830	1665	1222
DivAnc	79669	589	1_SC3	192	1040	561	1180	924
DivAnc	1330	650	1_SC3	53	355	167	271	303
DivAnc	445	120	1_SC3	7	104	23	49	28
DivAnc	71387	212	1_SC3	167	1117	589	1167	861
DivAnc	137425	408	1_SC3	2	2	0	0	0
DivAnc	141948	1003	1_SC3	3	11	3	31	9
DivAnc	51489	171	1_SC3	2	0	0	0	0
DivAnc	5777	153	1_SC3	17	86	64	117	91
DivAnc	324934	381	1_SC3	1	6	0	0	0
DivAnc	38	333	1_SC3	2	8	8	10	0
DivAnc	694	985	1_SC3	3	10	2	0	0
DivAnc	186563	756	1_SC3	166	1032	567	1166	870
DivAnc	27652	1001	1_SC3	1	0	0	0	0
DivAnc	30	1012	1_SC3	92	608	315	657	452
DivAnc	5571	186	1_SC3	1	0	0	0	0
DivAnc	28326	526	1_SC3	376	2290	998	1956	1419
DivAnc	110871	316	1_SC3	1	14	0	0	0
DivAnc	7616	159	1_SC3	1	13	0	0	0
DivAnc	1539	780	1_SC3	960	5607	3118	6089	4868
DivAnc	23140	819	1_SC3	4	56	18	17	18
DivAnc	130546	913	1_SC3	287	1645	913	1729	1151
DivAnc	228153	773	1_SC3	2	2	0	0	0
DivAnc	82225	794	1_SC3	1	0	0	0	0
DivAnc	31303	600	1_SC3	2	30	30	35	14
DivAnc	83968	580	1_SC3	171	1012	495	947	653
DivAnc	248525	203	1_SC3	378	2221	1205	2143	1712
DivAnc	109155	623	1_SC3	1	15	36	51	52
DivAnc	4103	954	1_SC3	383	2318	1188	2650	2100
DivAnc	4105	956	1_SC3	94	540	302	640	562
DivAnc	38295	7	1_SC3	352	2052	1031	1990	1559
DivAnc	11229	864	1_SC3	3	28	10	58	38
DivAnc	131019	390	1_SC3	1	0	0	0	0
DivAnc	45286	239	1_SC3	5	21	7	31	20
DivAnc	140025	766	1_SC3	25	215	108	223	146
DivAnc	15248	401	1_SC3	2	2	0	0	0
DivAnc	55398	894	1_SC3	108	564	273	562	413
DivAnc	9422	350	1_SC3	3	21	30	61	32
DivAnc	119646	206	1_SC3	109	662	392	778	623
DivAnc	145475	233	1_SC3	20	56	21	41	38
DivAnc	35755	476	1_SC3	3	64	31	45	29
DivAnc	92226	719	1_SC3	1	13	15	10	6
DivAnc	207426	1011	1_SC3	6	31	3	0	0
DivAnc	28147	757	1_SC3	3	5	2	0	0
DivAnc	3895	547	1_SC3	906	5456	2653	5288	4293
DivAnc	44672	1014	1_SC3	1	9	5	5	2
DivAnc	92914	74	1_SC3	1	32	21	67	54
DivAnc	92915	815	1_SC3	779	4696	2471	4974	3619
DivAnc	171833	942	1_SC3	2	41	9	7	6
DivAnc	12621	364	1_SC3	1	0	0	0	0
DivAnc	12627	366	1_SC3	3	19	11	40	8
DivAnc	145259	97	1_SC3	56	325	110	248	205
DivAnc	28374	547	1_SC3	1	1	0	0	0
DivAnc	287112	817	1_SC3	2	20	12	3	0
DivAnc	3462	215	1_SC3	2	26	5	42	35
DivAnc	13508	45	1_SC3	1	9	0	0	0
DivAnc	5953	127	1_SC3	2	9	6	15	22
DivAnc	5952	976	1_SC3	1	26	28	90	39
DivAnc	4618	226	1_SC3	464	2834	1545	2720	2156
DivAnc	11532	430	1_SC3	1	3	0	0	0
DivAnc	155359	596	1_SC3	2	13	5	7	18
DivAnc	4070	449	1_SC3	262	1541	741	1346	979
DivAnc	39135	1009	1_SC3	143	849	541	1201	1056
DivAnc	187216	1013	1_SC3	3	13	12	27	44
DivAnc	127444	34	1_SC3	2	19	7	11	19
DivAnc	35400	509	1_SC3	1	0	0	0	0
DivAnc	43473	544	1_SC3	3	13	8	37	10
DivAnc	74579	534	1_SC3	2	32	9	30	26
DivAnc	22865	618	1_SC3	2	44	12	22	22
DivAnc	117442	964	1_SC3	1	6	0	0	0
DivAnc	32355	983	1_SC3	25	104	30	66	63
DivAnc	25017	984	1_SC3	1	0	0	0	0
DivAnc	180047	247	1_SC3	1	0	0	0	0
DivAnc	16193	138	1_SC3	2	14	4	5	19
DivAnc	26210	60	1_SC3	418	2494	1239	2383	2317
DivAnc	46166	684	1_SC3	462	2817	1286	2555	1918
DivAnc	2341	363	1_SC3	188	1107	476	973	700
DivAnc	118111	313	1_SC3	261	1610	779	1521	1170
DivAnc	2349	423	1_SC3	1289	7209	3789	7651	6056
DivAnc	208175	731	1_SC3	1	0	0	0	0
DivAnc	19983	50	1_SC3	100	446	181	280	207
DivAnc	25498	52	1_SC3	212	1298	593	1410	1114
DivAnc	303894	474	1_SC3	333	2077	1042	2068	1550
DivAnc	153638	209	1_SC3	72	396	178	325	270
DivAnc	25491	536	1_SC3	9	1	0	0	0
DivAnc	56377	243	1_SC3	300	1880	896	1969	1499
DivAnc	34089	530	1_SC3	313	1893	988	1770	1510
DivAnc	21791	717	1_SC3	313	1781	1016	1985	1436
DivAnc	46614	390	1_SC3	30	123	103	209	125
DivAnc	283947	381	1_SC3	1	0	0	0	0
DivAnc	46340	729	1_SC3	138	835	385	845	558
DivAnc	128539	102	1_SC3	2	6	0	0	0
DivAnc	9117	159	1_SC3	1	0	0	0	0
DivAnc	41863	488	1_SC3	1	5	5	4	0
DivAnc	17665	34	1_SC3	1	17	7	0	0
DivAnc	16446	84	1_SC3	2	18	9	10	28
DivAnc	146754	639	1_SC3	42	217	129	292	228
DivAnc	949	148	1_SC3	1	0	0	0	0
DivAnc	947	292	1_SC3	25	173	129	241	240
DivAnc	6444	509	1_SC3	412	2502	1243	2793	2033
DivAnc	204165	853	1_SC3	1	5	0	0	0
DivAnc	52454	403	1_SC3	601	3242	1683	3041	2454
DivAnc	24874	913	1_SC3	1	38	16	24	8
DivAnc	6910	913	1_SC3	1	9	0	0	0
DivAnc	5172	486	1_SC3	2	15	4	25	36
DivAnc	5171	1007	1_SC3	736	4322	2268	4867	4097
DivAnc	9200	1012	1_SC3	2	5	2	10	1
DivAnc	36874	118	1_SC3	1	0	0	0	0
DivAnc	20172	775	1_SC3	1	0	0	0	0
DivAnc	152761	204	1_SC3	254	1506	789	1581	1314
DivAnc	49222	72	1_SC3	76	397	168	339	242
DivAnc	121512	962	1_SC3	513	3385	1775	3551	2905
DivAnc	75395	800	1_SC3	35	203	95	168	143
DivAnc	79861	652	1_SC3	1	4	4	38	3
DivAnc	143959	810	1_SC3	1	14	2	26	36
DivAnc	278837	134	1_SC3	53	332	127	245	218
DivAnc	210749	343	1_SC3	1	5	0	0	0
DivAnc	95585	52	1_SC3	1	4	2	0	0
DivAnc	13481	347	1_SC3	1	7	0	4	19
DivAnc	4863	132	1_SC3	534	2923	1730	3702	2829
DivAnc	135481	924	1_SC3	192	1211	569	909	802
DivAnc	54391	926	1_SC3	8	43	14	24	19
DivAnc	99785	757	1_SC3	198	1150	581	1083	918
DivAnc	9063	715	1_SC3	1	0	0	0	0
DivAnc	168631	938	1_SC3	22	97	40	51	12
DivAnc	198020	1000	1_SC3	201	1244	728	1343	1085
DivAnc	59713	884	1_SC3	42	286	146	301	200
DivAnc	58629	375	1_SC3	1	0	0	0	0
DivAnc	21631	185	1_SC3	498	3065	1568	2806	2110
DivAnc	102899	47	1_SC3	1	0	0	0	0
DivAnc	190618	599	1_SC3	375	2438	1247	2860	2390
DivAnc	21573	381	1_SC3	756	4373	2037	4145	3039
DivAnc	17710	192	1_SC3	1	0	0	0	0
DivAnc	17358	500	1_SC3	4	4	0	0	0
DivAnc	325796	1021	1_SC3	16	81	4	53	54
DivAnc	49829	423	1_SC3	109	558	257	449	377
DivAnc	325794	1020	1_SC3	76	341	176	291	229
DivAnc	10447	892	1_SC3	9	85	41	43	8
DivAnc	325792	1020	1_SC3	222	1286	811	1622	1380
DivAnc	325793	1020	1_SC3	18	54	47	89	80
DivAnc	190617	962	1_SC3	41	277	111	202	104
DivAnc	48514	846	1_SC3	249	1490	632	1308	883
DivAnc	243000	476	1_SC3	3	4	0	0	0
DivAnc	7257	426	1_SC3	27	102	63	66	34
DivAnc	146536	874	1_SC3	302	1451	765	1737	1170
DivAnc	177739	291	1_SC3	1	7	10	15	32
DivAnc	71273	294	1_SC3	1	0	0	0	0
DivAnc	37058	780	1_SC3	4	11	1	2	5
DivAnc	53250	605	1_SC3	64	420	210	353	200
DivAnc	4485	521	1_SC3	279	1526	708	1444	1172
DivAnc	265670	1016	1_SC3	1	23	18	27	37
DivAnc	62830	366	1_SC3	262	1528	651	1350	916
DivAnc	155592	83	1_SC3	257	1489	862	1735	1205
DivAnc	33267	211	1_SC3	1	0	0	0	0
DivAnc	86798	83	1_SC3	400	2276	1048	1773	1310
DivAnc	230345	773	1_SC3	4	30	18	33	37
DivAnc	115343	1007	1_SC3	4	24	4	11	22
DivAnc	44471	423	1_SC3	41	255	152	375	330
DivAnc	17909	423	1_SC3	519	2900	1600	3054	2449
DivAnc	14619	67	1_SC3	218	1352	685	1329	950
DivAnc	129069	66	1_SC3	2	11	2	0	0
DivAnc	14631	596	1_SC3	4	41	11	41	21
DivAnc	85	674	1_SC3	1	0	0	0	0
DivAnc	13527	534	1_SC3	185	982	465	1008	659
DivAnc	144914	907	1_SC3	1	0	0	0	0
DivAnc	13022	622	1_SC3	3	26	30	41	33
DivAnc	54633	536	1_SC3	1	0	0	0	0
DivAnc	18245	7	1_SC3	403	2291	1190	2550	1852
DivAnc	78437	954	1_SC3	3	17	8	0	0
DivAnc	6582	423	1_SC3	2097	11463	5735	12199	9723
DivAnc	3037	717	1_SC3	1	0	0	0	0
DivAnc	59913	366	1_SC3	3	0	0	0	0
DivAnc	30845	445	1_SC3	2	18	7	34	38
DivAnc	94993	423	1_SC3	423	2240	1064	2262	1717
DivAnc	31247	233	1_SC3	1	9	7	7	0
DivAnc	76437	456	1_SC3	70	354	179	244	252
DivAnc	1633	460	1_SC3	96	542	326	575	441
DivAnc	7620	924	1_SC3	398	2088	1022	1945	1459
DivAnc	17878	498	1_SC3	73	468	263	573	496
DivAnc	6874	983	1_SC3	1	6	15	22	22
DivAnc	91749	486	1_SC3	2	12	4	0	0
DivAnc	5403	657	1_SC3	516	3021	1592	3041	2219
DivAnc	14725	959	1_SC3	2	33	3	32	13
DivAnc	183279	836	1_SC3	560	3134	1611	3189	2499
DivAnc	156918	599	1_SC3	1	0	0	0	0
DivAnc	38386	979	1_SC3	2	6	0	0	0
DivAnc	58161	102	1_SC3	1	10	0	5	0
DivAnc	126406	969	1_SC3	87	473	249	376	373
DivAnc	59289	585	1_SC3	2	16	10	9	0
DivAnc	5237	648	1_SC3	3	3	10	3	0
DivAnc	86774	202	1_SC3	157	879	388	725	567
DivAnc	7713	152	1_SC3	1	5	12	14	21
DivAnc	38253	311	1_SC3	138	853	516	1103	832
DivAnc	50759	486	1_SC3	176	1145	490	802	600
DivAnc	72918	967	1_SC3	74	535	314	521	438
DivAnc	66625	227	1_SC3	1	1	0	0	0
DivAnc	4461	274	1_SC3	2	12	8	18	4
DivAnc	29159	536	1_SC3	259	1477	725	1459	1125
DivAnc	34764	408	1_SC3	5	20	10	34	31
DivAnc	113465	539	1_SC3	1	14	12	50	17
DivAnc	61396	134	1_SC3	211	1312	582	1205	964
DivAnc	5890	612	1_SC3	4	41	31	62	29
DivAnc	8576	648	1_SC3	3	46	34	55	56
DivAnc	132753	83	1_SC3	40	153	56	154	108
DivAnc	256564	506	1_SC3	2	7	0	0	0
DivAnc	82068	147	1_SC3	29	156	62	152	178
DivAnc	13802	347	1_SC3	10	15	6	8	6
DivAnc	48981	104	1_SC3	193	970	491	804	546
DivAnc	86020	233	1_SC3	1	1	0	0	0
DivAnc	206696	202	1_SC3	200	986	488	1000	891
DivAnc	22335	226	1_SC3	381	2399	1265	2568	1719
DivAnc	206698	455	1_SC3	1	10	12	12	27
DivAnc	54	266	1_SC3	2	11	10	18	13
DivAnc	19735	971	1_SC3	51	335	178	396	276
DivAnc	170429	846	1_SC3	67	316	194	432	315
DivAnc	73408	268	1_SC3	6	30	23	41	33
DivAnc	33845	461	1_SC3	2	35	20	44	35
DivAnc	245195	431	1_SC3	2	19	0	0	0
DivAnc	23428	353	1_SC3	2	27	7	0	0
DivAnc	6622	935	1_SC3	246	1430	672	1382	1139
DivAnc	77148	118	1_SC3	1	0	0	0	0
DivAnc	132622	700	1_SC3	19	110	62	137	146
DivAnc	51711	144	1_SC3	72	359	219	492	348
DivAnc	68635	209	1_SC3	346	1835	941	1782	1308
DivAnc	93070	1004	1_SC3	2	0	0	0	0
DivAnc	205006	116	1_SC3	42	216	126	238	128
DivAnc	3972	565	1_SC3	6	48	23	12	12
DivAnc	24732	628	1_SC3	281	1812	908	1991	1719
DivAnc	87947	677	1_SC3	568	3570	1651	3229	2356
DivAnc	56	745	1_SC3	1	0	0	0	0
DivAnc	177020	440	1_SC3	14	102	67	153	123
DivAnc	117473	618	1_SC3	54	328	170	321	267
DivAnc	32324	536	1_SC3	1	0	0	0	0
DivAnc	60372	772	1_SC3	2	0	0	0	0
DivAnc	222242	423	1_SC3	2	1	4	13	4
DivAnc	12769	896	1_SC3	566	3254	1646	3329	2649
DivAnc	4717	423	1_SC3	947	5186	2575	5500	4222
DivAnc	4710	813	1_SC3	90	559	294	561	502
DivAnc	13620	688	1_SC3	1	4	4	0	0
DivAnc	230916	587	1_SC3	284	1586	932	2022	1737
DivAnc	27021	565	1_SC3	1	0	0	0	0
DivAnc	90462	733	1_SC3	1	4	0	0	0
DivAnc	31939	888	1_SC3	1	12	11	0	0
DivAnc	153621	899	1_SC3	251	1274	676	1262	1019
DivAnc	238189	517	1_SC3	1	6	7	0	0
DivAnc	221760	162	1_SC3	437	2472	1221	2506	2161
DivAnc	161389	979	1_SC3	567	3254	1660	3249	2251
DivAnc	86468	790	1_SC3	1	3	4	2	7
DivAnc	100980	362	1_SC3	1	7	8	19	15
DivAnc	87672	570	1_SC3	268	1663	923	1711	1425
DivAnc	106372	350	1_SC3	5	45	35	90	62
DivAnc	106374	1002	1_SC3	2	8	0	0	0
DivAnc	3713	356	1_SC3	5	55	32	115	74
DivAnc	64473	162	1_SC3	91	566	242	481	380
DivAnc	52066	190	1_SC3	119	741	386	819	622
DivAnc	161878	453	1_SC3	1	15	0	0	0
DivAnc	13369	597	1_SC3	834	5090	2403	5123	3982
DivAnc	16271	835	1_SC3	10	33	11	18	3
DivAnc	90687	479	1_SC3	25	115	64	113	84
DivAnc	249702	836	1_SC3	1	8	0	0	0
DivAnc	113581	19	1_SC3	1	0	0	0	0
DivAnc	43673	461	1_SC3	150	814	362	798	557
DivAnc	2487	985	1_SC3	593	3390	1648	3465	2689
DivAnc	4903	52	1_SC3	1	4	0	0	0
DivAnc	20673	964	1_SC3	268	1670	776	1446	1032
DivAnc	77260	893	1_SC3	5	15	4	0	0
DivAnc	56726	647	1_SC3	1	9	4	10	9
DivAnc	24845	628	1_SC3	205	1261	633	1303	951
DivAnc	11700	498	1_SC3	885	5152	2628	4870	3979
DivAnc	7397	191	1_SC3	6	58	20	24	18
DivAnc	990	710	1_SC3	3	10	5	0	0
DivAnc	85520	205	1_SC3	1	4	0	0	0
DivAnc	20167	241	1_SC3	2	11	17	42	17
DivAnc	128	639	1_SC3	888	5130	2557	5384	3870
DivAnc	3408	688	1_SC3	254	1387	691	1650	1439
DivAnc	17017	575	1_SC3	30	153	60	133	65
DivAnc	38419	781	1_SC3	373	2369	1190	2517	2068
DivAnc	62270	512	1_SC3	124	643	297	618	394
DivAnc	94042	1002	1_SC3	1	12	0	0	0
DivAnc	2068	376	1_SC3	80	628	335	546	466
DivAnc	192578	520	1_SC3	483	2564	1217	2640	1908
DivAnc	13499	883	1_SC3	154	941	474	847	634
DivAnc	173853	773	1_SC3	3	18	12	8	0
DivAnc	13496	375	1_SC3	1	29	4	13	0
DivAnc	102462	423	1_SC3	904	5470	2849	6146	4742
DivAnc	70265	52	1_SC3	103	543	248	418	257
DivAnc	122186	181	1_SC3	2	35	3	9	0
DivAnc	133361	974	1_SC3	219	1339	626	1390	939
DivAnc	9164	143	1_SC3	1	15	10	14	14
DivAnc	325789	1019	1_SC3	209	1375	685	1138	950
DivAnc	10433	830	1_SC3	63	285	129	288	225
DivAnc	218590	638	1_SC3	143	740	406	802	588
DivAnc	10435	423	1_SC3	751	4036	2000	4101	3277
DivAnc	122743	726	1_SC3	240	1350	752	1355	1233
DivAnc	33016	248	1_SC3	185	1209	605	1090	972
DivAnc	120923	228	1_SC3	380	2245	1097	2155	1823
DivAnc	21747	214	1_SC3	43	203	100	203	185
DivAnc	164437	913	1_SC3	281	1593	790	1607	1091
DivAnc	201919	718	1_SC3	1	21	3	5	17
DivAnc	33018	958	1_SC3	268	1529	668	1378	1139
DivAnc	5097	764	1_SC3	6	62	59	74	50
DivAnc	118915	17	1_SC3	54	345	150	253	170
DivAnc	8967	461	1_SC3	2	29	4	1	0
DivAnc	79178	80	1_SC3	1	0	0	0	0
DivAnc	323816	259	1_SC3	22	161	58	115	117
DivAnc	2938	883	1_SC3	1	0	0	0	0
DivAnc	16121	930	1_SC3	316	1759	937	1884	1310
DivAnc	102134	767	1_SC3	58	296	142	232	199
DivAnc	8187	110	1_SC3	7	24	10	24	4
DivAnc	48164	1007	1_SC3	644	3592	1871	3784	3104
DivAnc	149299	95	1_SC3	1	11	5	21	8
DivAnc	87011	894	1_SC3	1	0	0	0	0
DivAnc	62661	414	1_SC3	352	2137	1161	2323	1678
DivAnc	11895	949	1_SC3	85	654	287	620	486
DivAnc	33786	279	1_SC3	223	1308	593	1121	965
DivAnc	26916	80	1_SC3	4	25	35	31	14
DivAnc	1648	804	1_SC3	357	1964	884	1876	1401
DivAnc	20188	710	1_SC3	42	227	53	145	166
DivAnc	70461	55	1_SC3	3	12	6	6	0
DivAnc	14288	203	1_SC3	2	28	16	41	38
DivAnc	30477	819	1_SC3	210	1532	722	1584	1060
DivAnc	142559	526	1_SC3	154	771	337	528	526
DivAnc	29490	46	1_SC3	300	1566	734	1466	1178
DivAnc	232713	521	1_SC3	1	0	0	0	0
DivAnc	78704	192	1_SC3	429	2641	1224	2597	2095
DivAnc	31877	366	1_SC3	548	3209	1606	3347	2389
DivAnc	142556	731	1_SC3	3	8	7	44	93
DivAnc	89052	1000	1_SC3	1	11	4	9	12
DivAnc	123767	1000	1_SC3	28	218	106	274	212
DivAnc	2803	494	1_SC3	1	0	0	0	0
DivAnc	196509	843	1_SC3	196	1187	532	943	750
DivAnc	62068	189	1_SC3	1	0	0	0	0
DivAnc	1423	546	1_SC3	3	11	17	26	0
DivAnc	68572	938	1_SC3	1	9	0	0	0
DivAnc	216539	469	1_SC3	2	12	12	7	8
DivAnc	29018	204	1_SC3	4	8	3	16	7
DivAnc	94859	775	1_SC3	2	14	0	0	0
DivAnc	243747	596	1_SC3	43	312	128	446	374
DivAnc	78517	735	1_SC3	4	10	15	53	24
DivAnc	243218	1000	1_SC3	16	169	34	134	185
DivAnc	54381	812	1_SC3	355	1956	1073	2050	1580
DivAnc	91794	1012	1_SC3	101	775	424	927	804
DivAnc	8075	55	1_SC3	198	1352	673	1275	996
DivAnc	199989	40	1_SC3	1	12	12	22	36
DivAnc	35883	912	1_SC3	1	20	0	0	0
DivAnc	5556	608	1_SC3	1	0	0	0	0
DivAnc	40509	609	1_SC3	38	167	96	190	92
DivAnc	9861	292	1_SC3	31	116	52	106	167
DivAnc	15460	1002	1_SC3	117	692	311	694	549
DivAnc	280259	423	1_SC3	284	1716	987	1763	1347
DivAnc	6484	476	1_SC3	1	3	3	42	35
DivAnc	26773	212	1_SC3	62	273	182	434	264
DivAnc	26772	221	1_SC3	1	0	0	0	0
DivAnc	14425	846	1_SC3	612	3613	1907	4113	2920
DivAnc	26775	186	1_SC3	1	8	9	4	8
DivAnc	38247	61	1_SC3	3	32	11	1	0
DivAnc	53816	66	1_SC3	289	1596	735	1449	1194
DivAnc	24504	996	1_SC3	2	7	5	0	0
DivAnc	59051	1015	1_SC3	1	7	0	0	0
DivAnc	226257	976	1_SC3	145	708	293	547	354
DivAnc	76132	998	1_SC3	21	158	93	233	138
DivAnc	140134	97	1_SC3	152	1020	489	1020	727
DivAnc	1515	248	1_SC3	473	2964	1514	2963	2282
DivAnc	148968	954	1_SC3	260	1355	655	1217	875
DivAnc	12179	718	1_SC3	1	27	8	6	0
DivAnc	1510	163	1_SC3	375	2170	1135	2293	1764
DivAnc	144527	434	1_SC3	1	0	0	0	0
DivAnc	34773	453	1_SC3	263	1491	816	1785	1382
DivAnc	5886	111	1_SC3	2	32	13	5	0
DivAnc	93648	159	1_SC3	3	0	0	0	0
DivAnc	34579	825	1_SC3	79	441	228	581	517
DivAnc	213126	90	1_SC3	1	8	6	13	3
DivAnc	30897	344	1_SC3	1	0	0	0	0
DivAnc	6940	109	1_SC3	1	22	12	10	2
DivAnc	30890	986	1_SC3	39	245	109	198	130
DivAnc	123012	52	1_SC3	157	1080	593	1045	802
DivAnc	96211	132	1_SC3	1	0	0	0	0
DivAnc	28944	986	1_SC3	193	1150	630	1397	1065
DivAnc	53497	185	1_SC3	3	20	8	33	39
DivAnc	103731	220	1_SC3	2	2	2	0	0
DivAnc	19099	47	1_SC3	46	254	99	202	155
DivAnc	19725	34	1_SC3	1	18	21	14	44
DivAnc	35559	114	1_SC3	14	93	66	89	41
DivAnc	11557	1015	1_SC3	405	2345	1209	2300	1978
DivAnc	11556	119	1_SC3	4	3	5	5	0
DivAnc	217469	623	1_SC3	1	0	0	0	0
DivAnc	32683	845	1_SC3	563	3320	1612	2976	2500
DivAnc	32680	970	1_SC3	1	14	3	0	0
DivAnc	154882	109	1_SC3	280	1331	598	1189	684
DivAnc	60968	234	1_SC3	343	1488	771	1579	1174
DivAnc	93799	412	1_SC3	264	1652	870	1730	1450
DivAnc	353	639	1_SC3	1	0	0	0	0
DivAnc	352	684	1_SC3	1	13	12	7	3
DivAnc	7503	97	1_SC3	371	1935	904	1997	1682
DivAnc	221173	513	1_SC3	6	33	39	100	51
DivAnc	3987	647	1_SC3	1	0	0	0	0
DivAnc	359	189	1_SC3	39	217	155	304	258
DivAnc	244120	202	1_SC3	9	33	18	52	12
DivAnc	12774	202	1_SC3	2	4	6	7	7
DivAnc	101483	456	1_SC3	467	3004	1472	3017	2235
DivAnc	325797	1021	1_SC3	23	155	90	120	118
DivAnc	4706	55	1_SC3	46	292	112	211	136
DivAnc	325795	1021	1_SC3	12	81	54	152	98
DivAnc	43401	1001	1_SC3	2	0	0	0	0
DivAnc	69388	652	1_SC3	4	31	4	0	0
DivAnc	46109	202	1_SC3	195	1247	643	1171	979
DivAnc	201281	50	1_SC3	1	15	0	0	0
DivAnc	27369	638	1_SC3	334	1963	895	1572	1422
DivAnc	27165	390	1_SC3	3	26	4	9	4
DivAnc	288	864	1_SC3	1	0	0	0	0
DivAnc	279847	823	1_SC3	108	631	272	581	494
DivAnc	325791	1019	1_SC3	217	1321	626	1181	1071
DivAnc	284	622	1_SC3	720	4546	2160	4495	3376
DivAnc	287	511	1_SC3	1	0	0	0	0
DivAnc	116287	163	1_SC3	272	1440	768	1281	992
DivAnc	98472	757	1_SC3	1	0	0	0	0
DivAnc	38886	710	1_SC3	751	4349	2178	4182	3418
DivAnc	99302	742	1_SC3	119	682	314	767	576
DivAnc	100977	618	1_SC3	148	793	376	876	659
DivAnc	13154	552	1_SC3	3	21	10	25	26
DivAnc	281208	513	1_SC3	324	1985	955	1715	1353
DivAnc	61984	526	1_SC3	2	23	18	18	24
DivAnc	186904	572	1_SC3	259	1315	703	1436	1088
DivAnc	88017	846	1_SC3	226	1317	603	1192	898
DivAnc	24858	716	1_SC3	7	78	24	50	31
DivAnc	43061	756	1_SC3	226	1523	720	1245	950
DivAnc	17243	856	1_SC3	1	2	4	59	69
DivAnc	57606	805	1_SC3	113	609	262	438	243
DivAnc	7890	125	1_SC3	81	430	212	453	288
DivAnc	69094	524	1_SC3	8	46	44	89	39
DivAnc	199681	348	1_SC3	539	3161	1458	2947	2271
DivAnc	252410	267	1_SC3	1	12	2	9	6
DivAnc	191694	558	1_SC3	2	1	0	0	0
DivAnc	8548	109	1_SC3	1	0	0	0	0
DivAnc	97433	845	1_SC3	9	46	14	39	32
DivAnc	191508	780	1_SC3	1	0	0	0	0
DivAnc	238560	431	1_SC3	1	14	1	25	9
DivAnc	39936	817	1_SC3	2	10	0	0	0
DivAnc	2785	780	1_SC3	342	1797	924	1794	1412
DivAnc	256	631	1_SC3	381	2363	1180	2460	1945
DivAnc	53388	371	1_SC3	11	51	23	77	70
DivAnc	38407	998	1_SC3	22	164	66	173	200
DivAnc	57517	461	1_SC3	118	670	328	814	647
DivAnc	2079	170	1_SC3	1	0	0	0	0
DivAnc	6308	715	1_SC3	1	3	0	0	0
DivAnc	152815	50	1_SC3	260	1607	728	1657	1261
DivAnc	12156	800	1_SC3	1	5	0	0	0
DivAnc	167525	792	1_SC3	1	6	0	0	0
DivAnc	48570	60	1_SC3	56	332	195	303	221
DivAnc	70705	16	1_SC3	2	40	19	35	27
DivAnc	118830	423	1_SC3	633	3776	1869	3525	3032
DivAnc	113307	439	1_SC3	63	389	160	329	191
DivAnc	211962	646	1_SC3	743	4368	2037	4157	3263
DivAnc	5666	186	1_SC3	1	45	49	88	56
DivAnc	130504	201	1_SC3	2	10	14	11	11
DivAnc	62457	186	1_SC3	1	16	6	4	2
DivAnc	21595	849	1_SC3	3	22	0	0	0
DivAnc	10427	148	1_SC3	342	1841	883	1674	1252
DivAnc	94145	932	1_SC3	61	442	208	511	398
DivAnc	33062	677	1_SC3	1	0	0	0	0
DivAnc	125448	800	1_SC3	1	17	5	12	0
DivAnc	22860	853	1_SC3	77	313	142	296	188
DivAnc	4968	52	1_SC3	259	1408	655	1425	949
DivAnc	98877	692	1_SC3	173	1121	538	1082	971
DivAnc	2673	622	1_SC3	1	0	0	0	0
DivAnc	2675	756	1_SC3	147	936	477	1017	768
DivAnc	26906	19	1_SC3	229	1264	606	1162	783
DivAnc	15899	423	1_SC3	8	40	10	5	8
DivAnc	8555	524	1_SC3	506	2985	1438	2729	2158
DivAnc	18606	227	1_SC3	1	0	0	0	0
DivAnc	53524	476	1_SC3	278	1525	736	1451	1093
DivAnc	48150	287	1_SC3	147	847	491	831	621
DivAnc	172617	971	1_SC3	133	775	410	788	676
DivAnc	112967	809	1_SC3	1	0	0	0	0
DivAnc	1986	133	1_SC3	330	2093	1047	1848	1485
DivAnc	290388	46	1_SC3	2	12	4	13	5
DivAnc	171208	623	1_SC3	185	975	531	1056	774
DivAnc	197599	717	1_SC3	396	2192	1177	2121	1675
DivAnc	3213	520	1_SC3	201	1111	498	1014	772
DivAnc	1639	755	1_SC3	2	12	15	6	0
DivAnc	160392	437	1_SC3	1	24	14	13	15
DivAnc	211410	274	1_SC3	1	14	9	25	10
DivAnc	316532	903	1_SC3	254	1455	807	1491	1322
DivAnc	59931	85	1_SC3	70	353	183	470	302
DivAnc	137633	83	1_SC3	6	20	9	48	40
DivAnc	33513	938	1_SC3	3	36	5	0	0
DivAnc	30319	677	1_SC3	1	14	7	63	51
DivAnc	562	834	1_SC3	2	18	13	0	0
DivAnc	30863	647	1_SC3	3	25	9	20	33
DivAnc	86290	1001	1_SC3	57	252	166	298	232
DivAnc	39439	756	1_SC3	1	0	0	0	0
DivAnc	27694	191	1_SC3	1	23	21	39	11
DivAnc	17815	52	1_SC3	47	229	143	302	218
DivAnc	3171	33	1_SC3	3	22	3	21	11
DivAnc	7649	95	1_SC3	4	3	16	17	14
DivAnc	188579	326	1_SC3	282	1425	719	1414	1171
DivAnc	12971	95	1_SC3	355	1957	1058	1984	1789
DivAnc	30790	423	1_SC3	561	3468	1847	3626	2541
DivAnc	7082	362	1_SC3	4	18	4	0	0
DivAnc	29557	772	1_SC3	2	24	12	17	14
DivAnc	29006	865	1_SC3	28	145	83	157	135
DivAnc	1189	981	1_SC3	567	3488	1833	3814	3046
DivAnc	5426	639	1_SC3	1	0	0	0	0
DivAnc	722	48	1_SC3	486	2628	1386	2625	2154
DivAnc	84462	715	1_SC3	122	637	375	735	575
DivAnc	239669	202	1_SC3	403	2181	1119	2526	2070
DivAnc	23530	340	1_SC3	74	463	216	422	368
DivAnc	1169	612	1_SC3	1	0	0	0	0
DivAnc	35891	675	1_SC3	3	20	3	6	0
DivAnc	18139	825	1_SC3	355	1963	943	1907	1414
DivAnc	27825	526	1_SC3	521	2920	1472	2732	2260
DivAnc	89756	718	1_SC3	61	252	100	133	85
DivAnc	9800	677	1_SC3	1	15	8	5	1
DivAnc	213671	605	1_SC3	36	186	51	135	137
DivAnc	129221	3	1_SC3	283	1543	847	1839	1410
DivAnc	49	252	1_SC3	2	0	0	0	0
DivAnc	45	71	1_SC3	386	2441	1300	2234	1767
DivAnc	114842	894	1_SC3	1	0	0	0	0
DivAnc	76147	162	1_SC3	71	387	211	382	306
DivAnc	283681	985	1_SC3	2	0	0	0	0
DivAnc	272657	674	1_SC3	2	15	11	22	7
DivAnc	73649	981	1_SC3	2	12	4	19	25
DivAnc	258802	960	1_SC3	282	1658	782	1773	1436
DivAnc	8391	118	1_SC3	28	120	57	132	106
DivAnc	100565	593	1_SC3	633	3429	1783	3623	2718
DivAnc	23627	181	1_SC3	246	1590	801	1426	1264
DivAnc	50396	536	1_SC3	2	15	21	18	14
DivAnc	268845	802	1_SC3	443	2445	1135	2476	1894
DivAnc	123023	279	1_SC3	1	0	0	0	0
DivAnc	87768	291	1_SC3	1	2	0	0	0
DivAnc	5634	825	1_SC3	3	1	0	0	0
DivAnc	472	364	1_SC3	473	2857	1291	2891	2126
DivAnc	34146	768	1_SC3	175	1044	475	1064	939
DivAnc	3194	639	1_SC3	358	2107	1063	1972	1328
DivAnc	3191	983	1_SC3	1	0	0	0	0
DivAnc	28754	392	1_SC3	711	4137	2172	4186	3432
DivAnc	28977	885	1_SC3	342	1865	851	1589	1218
DivAnc	266716	423	1_SC3	10	70	41	82	78
DivAnc	79495	1018	1_SC3	1	6	0	0	0
DivAnc	35940	1005	1_SC3	1	11	6	6	3
DivAnc	7466	261	1_SC3	25	115	72	177	158
